# Generated by scripts/identity-stage-works.py from Wikidata — do not edit; add to identity-stage-works-extra.tsv
Q1351	Edgar	Edgar
Q2747	Nord-Ost	Nord-Ost|Норд-Ост
Q2771	Billy Elliot the Musical	Billy Elliot|Billy Elliot - El Musical|Billy Elliot the Musical|Billy Elliot, the Musical|Billy Elliot: The Musical
Q5064	The Magic Flute	Czarodziejski flet|Die Zauberflöte|Il flauto magico|KV 620|Kouzelná flétna|La Flûte enchantée|La flauta magica|La flauta mágica|Magic Flute|The Magic Flute
Q19005	Madama Butterfly	Madam Butterfly|Madama Butterfly|Madame Butterfly
Q23085	Lohengrin	Lohengrin|WWV 75
Q36084	La voix humaine	La Voix Humaine|La Voix humaine|La voce umana|La voix humaine|La voz humana|Lidský hlas
Q45784	Wozzeck	Wozzeck|Wozzeck, op. 7
Q48614	Lady Macbeth of the Mtsensk District	Katarina Ismailowa|Katarzyna Izmajłowa|Katerina Ismailova|Katerina Ismailowa|Katerina Ismaylova|Katerina Izmailova|Katerina Izmaylova|Katěrina Izmajlova|Lady Macbeth Mcenského újezdu|Lady Macbeth de Mtsensk|Lady Macbeth de Mzensk|Lady Macbeth del Distretto di Mcensk|Lady Macbeth del distrito de Mtsensk|Lady Macbeth du district de Mtsensk|Lady Macbeth of the Mtsensk District|Lady Macbeth vom Distrikt Mzensk|Lady Macbeth von Mzensk|Ledi Makbet Mzenskowo ujesda|Леди Макбет Мценского уезда
Q50956	Eugene Onegin	Eugen Onegin|Eugen Oněgin|Eugene Onegin|Eugenio Onegin|Eugenio Oneguin|Eugeniusz Oniegin|Eugène Onéguine|Evgenij Onegin|Evžen Oněgin|Jevgenij Oněgin|Jewgeni Onegin
Q53712	The Land of Smiles	Das Land des Lächelns|El pais de las sonrisas|El país de las sonrisas|Il paese del sorriso|Kraina uśmiechu|The Land of Smiles|Země úsměvů
Q56159	The Pearl Fishers	Bizet, Georges, 1838-1875. Lovt︠s︡i na biseri|Bizet, Georges, 1838-1875. Pearl fishers|Bizet, Georges, 1838-1875. Pearlfishers|Bizet, Georges, 1838-1875. Pecheures de perle|Bizet, Georges, 1838-1875. Pescadores de perlas|Bizet, Georges, 1838-1875. Pescatori di perle|Die Perlenfischer|I pescatori di perle|Les Pêcheurs de perles|Les pecheurs de perles y lapislázuli|Les pêcheurs de perles|Los pescadores de perlas|Lovci perel|Poławiacze pereł|The Pearl Fishers
Q62338	Mitridate, re di Ponto	K 87|K. 87/74a|KV 87|KV 87/74a|Mithridates, König von Ponto|Mitridate|Mitridate Re di Ponto|Mitridate Rè di Ponto|Mitridate, Re di Ponto|Mitridate, Rè di Ponto|Mitridate, král pontský|Mitridate, re di Ponto|Mitridates rey del Ponto|Mitridates, rey del Ponto|Mitrydates, król Pontu|Mitrídates rey del Ponto|Mitrídates, rey de Ponto|Mitrídates, rey del Ponto
Q62348	The Triumph of Time and Truth	HWV 71|Sieg der Zeit und Wahrheit|The Triumph of Time and Truth
Q69155	Il falegname di Livonia	Il falegname di Livonia|Pietro il Grande kzar delle Russie
Q75352	Gilgamesh	Gilgamesh
Q75502	Gilgamesh	Gilgamesh
Q75548	Nanta	Nanta
Q80934	Schwanda the Bagpiper	Schwanda the Bagpiper|Schwanda, der Dudelsackpfeifer|Schwanda, le joueur de cornemuse|Švanda dudák
Q94737	A Life for the Tsar	A Life for the Tsar|Ein Leben für den Zaren|Glinka, Mikhail Ivanovich, 1804-1857. Ivan Susanin (Rozen)|Glinka, Mikhail Ivanovich, 1804-1857. Iwan Sussanin|Glinka, Mikhail Ivanovich, 1804-1857. Leben fur den Zaren|Glinka, Mikhail Ivanovich, 1804-1857. Life for the Czar|Glinka, Mikhail Ivanovich, 1804-1857. Life for the Tsar|Glinka, Mikhail Ivanovich, 1804-1857. Vie pour le Tsar|Glinka, Mikhail Ivanovich, 1804-1857. Zhizn za tsaria|Glinka, Mikhail Ivanovich, 1804-1857. Zizn za carja|Ivan Soussanine|Ivan Susanin|Iwan Susanin|Iwan Sussanin|La Vie pour le Tsar|Schisn sa zarja|Una vida por el Zar|Una vita per lo Czar|Una vita per lo Zar|Une vie pour le tsar|Życie za cara|Život za cara
Q114640	The Flying Dutchman	Bludný Holanďan|Der fliegende Holländer|El holandes errante|El holandés errante|Il vascello fantasma|L'olandese volante|Latający Holender|Le Vaisseau fantôme|The Flying Dutchman
Q115999	Ein Feldlager in Schlesien	Ein Feldlager in Schlesien|Le Camp de Silésie|Tábor ve Slezsku|Vielka
Q116903	Che originali!	Che originali!|Gli originali|Il fanatico per la musica|La musicomania|Oh! Che originali
Q129293	Le devin du village	L'indovino del villaggio|Le Devin du village|Le devin du village
Q142885	Kristina från Duvemåla	Kristina Från Duvemåla|Kristina från Duvemåla
Q144314	Zaide	Zaide|Zaïde
Q144419	Zaira	Zaira
Q145935	Zampa	La fiancee de marbre|La fiancée de marbre|La sposa di marmo|Zampa
Q147594	Zar und Zimmermann	Car i cieśla|Tsar et charpentier|Zar e carpentiere|Zar und Zimmermann|Zar y carpintero
Q152444	The Black Crook	The Black Crook
Q152715	Beauty and the Beast	Beauty and the Beast|Beauty and the Beast on Broadway|Die Schöne und das Biest|La Belle et la Bete|La Belle et la Bête|La Belle et la Bête : la Comédie musicale|La bella e la bestia|La bella y la bestia
Q153520	Hairspray	Hairspray
Q155496	Love Never Dies	Love Never Dies
Q156435	Der Freischütz	Der Freischutz|Der Freischütz|El cazador furtivo|Freischütz|Il bersagliere|Il franco cacciatore|Le Freischutz|Le Freischütz|Střelec kouzedlník|Wolny strzelec|Čarostřelec
Q163220	Let 'Em Eat Cake	Let 'Em Eat Cake|Let ’Em Eat Cake
Q163844	The Boys from Syracuse	The Boys from Syracuse
Q165590	Der Prinz von Homburg	Der Prinz von Homburg|Le Prince de Hombourg
Q167222	Dardanus	Dardano|Dardanus|Dárdano
Q167914	Zazà	Zaza|Zazà
Q168488	Martha	Marta albo jarmark w Richmondzie|Marta aneb Trh v Richmondu|Martha|Martha aneb Trh v Richmondu|Martha oder Der Markt zu Richmond
Q171277	Aida	Aida|Aída|Aïda
Q172324	Otello	Otello|Otello de Verdi|Otelo|Othello
Q174392	Das Liebesverbot	Das Liebesverbot|Die Novize von Palermo|Il divieto d'amare|La défense d'aimer|La défense d'aimer, ou la Novice de Palerme|La prohibicion de amar|La prohibición de amar|Zakáz lásky|Zakázaná láska
Q176625	Ball at the Savoy	Baile en el Savoy|Ball at the Savoy|Ball im Savoy|Ballo al Savoy|Ples v Savoji
Q176700	La Cenerentola	Kopciuszek|La Cenerentola|La Cenerentola o sia La virtù in trionfo|La Cenicienta|La bontà in trionfo|Popelka
Q177813	Apollo et Hyacinthus	Apollo a Hyacint|Apollo et Hyacinthus|Apollo i Hiacynt|Apollo und Hyacinthus|K. 38
Q179110	Don Carlos	Don Carlo|Don Carlos
Q180452	Meine Schwester und ich	Meine Schwester und ich|Moje sestra a já
Q185968	Carmen	Carmen|Carmen de Bizet|Escamillo|Gypsy Song|L'amour est enfant de bohême
Q186162	Traviata	Traviata|Violetta
Q188621	La bohème	Bohéma|Cyganeria|Die Bohème|La Boheme|La Bohème|La boheme|La bohème
Q189234	Rigoletto	Rigoleto|Rigoletto|Viscardello
Q189427	A Chorus Line	A Chorus Line
Q190237	Der Ring des Nibelungen	Anneau des Nibelungen|Anneau du Nibelung|Der Ring der Nibelungen|Der Ring des Nibelungen|El anillo de los nibelungos|El anillo del nibelungo|L'Anneau du Nibelung|L'anello dei Nibelunghi|L'anello del Nibelungo|L'anneau des Nibelungen|L’Anneau du Nibelung|L’anneau des Nibelungen|L’anneau du nibelung|Nibelungenring|Pierścień Nibelunga|Prsten Nibelungů|Prsten Nibelungův|Ring cycle|Ring des Nibelungen|The Ring of the Nibelung|Tétralogie|Tétralogie de Wagner
Q192039	Don Giovanni	Der bestrafte Wüstling oder Don Giovanni|Don Giovanni|Don Juan|Il dissoluto Punito, ossia Don Giovanni Tenorio|Il dissoluto punito ossia il Don Giovanni|Il dissoluto punito, ossia il Don Giovanni|K 527|K. 527|KV 527
Q192941	Tosca	Tosca
Q193705	The Nutcracker	Blumenwalzer|Casse Noisettes|Casse noisette|Casse-Noisettes|Casse-noisette|Chtchelkountchik|Der Nussknacker|Der Nußknacker|Dziadek do orzechów|Dziadek do orzechów (balet)|Dziadek do orzechów i Król Myszy|Dziadek do orzechów i Król Myszy (balet)|El cascanueces|Lo Schiaccianoci|Louskáček|Nussknacker-Suite|Nussknackersuite|Nutcracker|Nußknackersuite|The Nutcracker
Q193778	Fidelio	Fidelio|Leonora N 3|Leonora N 3 (Op 72a) de Beethoven|Leonora N 3 (Op. 72a) de Beethoven|Leonora Nº 3|Leonora Nº 3 (Op 72a) de Beethoven|Leonora Nº 3 (Op. 72a) de Beethoven|Leonore
Q199400	Gipsy Love	Cygańska miłość|Gipsy Love|Gypsy Love|Zigeunerliebe
Q199786	Swan Lake	El lago de los cisnes|Il lago dei cigni|Jezioro łabędzie|Labutí jezero|Lac des Cygnes|Lago de los cisnes|Lago dei cigni|Le Lac des cygnes|Le lac des signes|Lebedinoye ozero|Lebedinoïe ozero|Schwanensee|Swan Lake|Лебединое озеро
Q201295	Fierrabras	Fierrabras
Q201873	The Marriage of Figaro	Die Hochzeit des Figaro|Figaros Hochzeit|Figarova svatba|K 492|K. 492|KV 492|La folle giornata|Las bodas de Figaro|Las bodas de Fígaro|Le Nozze de Figaro|Le nozze di Figaro|Le nozze di Figaro, ossia la folle giornata|Les Noces de Figaro|Marriage of Figaro|Noces de Figaro|Nozze di Figaro|The Marriage of Figaro|Wesele Figara
Q202230	Nabucco	Nabucco|Nabuchodonozor|Nabucodonosor
Q203470	Il trovatore	Der Troubadour|El trovador|El trovador de Verdi|Il trovatore|Le Trouvere|Le Trouvère|Trovatore|Trubadur|Trubadúr
Q207410	Così fan tutte	Cosi fan tutte|Così fan tutte|Cosí fan tutte|Don Alfonso|K 588|KV 588|La scuola degli amanti|So do they all|So machen es alle|Tak czynią wszystkie|Takové jsou všechny|Thus Do They All|Thus Do They All, or The School for Lovers|Women are like that
Q207990	Turandot	Turandot
Q208435	1984	1984
Q208659	The Barber of Seville	Almaviva czyli daremna przezorność.|Almaviva o sia L'Inutile Precauzione|Almaviva o sia L'inutile precauzione.|Almaviva o sia L’inutile precauzione.|Almaviva, o sia l'inutile precauzione|Barber of Seville|Barbero de Sevilla|Barbier von Sevilla|Barbiere di Siviglia|Cyrulik sewilski|Der Barbier von Sevilla|Der Barbier von Sevilla oder Die nutzlose Vorsicht|Die nutzlose Vorsicht|El barbero de Sevilla|Il barbiere di Siviglia|Il barbiere di Siviglia ossia L'inutile precauzione|Il barbiere di Siviglia ossia L’inutile precauzione|Lazebník sevillský|Le Barbier de Seville|Le Barbier de Séville|The Barber of Seville|Una voce poco fa
Q210711	Die Entführung aus dem Serail	Abduction from the Seraglio|Die Entführung aus dem Serail|El rapto del serrallo|El rapto en el serrallo|Il Seraglio|Il ratto dal serraglio|Il seraglio|K 384|K. 384|KV 384|L’Enlèvement au sérail|The Abduction from the Seraglio|The Abduction from the Seraglio, K. 384|Uprowadzenie z seraju|Únos ze serailu
Q211279	Ernani	Ernani|Hernani
Q211307	Der Mond	Der Mond|La luna|Měsíc
Q211460	Attila	Attila|Attyla
Q212451	La forza del destino	Die Macht des Schicksals|Don Alvaro|La Force du destin|La forza del destino|La fuerza del destino|Moc przeznaczenia|Síla osudu|The Force of Destiny
Q212495	The Threepenny Opera	Die Dreigroschenoper|Dreigroschenoper|L'Opera de quat'sous|L'Opéra de quat'sous|L'Opéra de quatre sous|L'Opéra des quat'sous|L'opera da tre soldi|L'opéra de quat-sous|La opera de cuatro cuartos|La opera de los tres centavos|La opera de tres centavos|La opera de tres peniques|La opera de tres perras gordas|La ópera de cuatro cuartos|La ópera de los tres centavos|La ópera de tres centavos|La ópera de tres peniques|La ópera de tres perras gordas|Ludenoper|L’Opéra de Quat'sous|L’Opéra de quat’sous|Opera da tre soldi|Opera de los tres centavos|Opera za 3 grosze|Opera za trzy grosze|Opéra de quat'sous|The Threepenny Opera|Třígrošová opera|Ópera de los tres centavos
Q220340	Parsifal	Amfortas|Parsifal|Parsival
Q220699	La donna del lago	Dziewica z jeziora|Jezerní panna|Jezerní paní|La dama del lago|La donna del lago
Q221047	The Queen of Spades	Dama di picche|Dama pikowa (opera 1890)|La Dame de pique|La dama de picas|La dama di picche|Piková dáma|Pikowaja dama|Pique Dame|The Queen of Spades|The Queen of Spades, Op. 68
Q221757	Un ballo in maschera	A Masked Ball|Bal maskowy|Der Maskenball|Ein Maskenball|Maškarní ples|Un Ballo in Mascera|Un Ballo in Masquera|Un baile de mascaras|Un baile de máscaras|Un bal masque|Un bal masqué|Un ballo in maschera|Un ballo in mascherà
Q221806	Cavalleria rusticana	Addio alla Madre|Caballeria rusticana|Caballería rusticana|Cavalleria rusticana|Rustic Chivalry|Rycerskość wieśniacza|Sedlák kavalír|Sizilianische Bauernehre
Q229630	3 Musketiers	3 Musketiere|3 Musketiers|Les Trois Mousquetaires
Q232134	The Two Widows	Dvĕ vdovy|Dvě vdovy|Le due vedove|The Two Widows|Zwei Witwen
Q233773	42nd Street	42nd Street|La Calle 42 (teatro)
Q238762	Armida	Armida
Q238785	Le maschere	Le maschere
Q240295	Poliuto	Paolina e Poliuto ossia I martiri|Poliuto
Q240685	The Rape of Lucretia	La violacion de Lucrecia|La violación de Lucrecia|The Rape of Lucretia|Zneuctění Lukrécie
Q240932	Abu Hassan	Abu Hassan
Q241950	Orlando furioso	Orlando|Orlando furioso|Orlando furioso (1727)|Zuřivý Roland
Q242667	Jesus Christ Superstar	Jesucristo Superestrella|Jesucristo Superstar|Jesus Christ Superstar|Jesus-Christ Superstar
Q244209	Lucia di Lammermoor	Lucia de Lammermoor|Lucia di Lammermoor|Lucie z Lammermooru|Lucía de Lammermoor|Łucja z Lamermooru|Łucja z Lammermoor|Łucja z Lammermooru
Q248644	Pagliacci	Der Bajazzo|I pagliacci|Komedianti|Pagliacci|Pajace
Q248892	Iphigénie en Aulide	Ifigenia en Aulide|Ifigenia en Áulide|Ifigenia in Aulide|Ifigenie v Aulidě|Iphigenie en Aulide|Iphigenie in Aulis|Iphigénie en Aulide|Ífigeneia v Aulidě
Q249749	Bluebeard's Castle	A kekszakallu herceg vara|A kékszakállú herceg vára|Barbe-Bleue|Bluebeard's Castle|El castillo de Barbazul|Herzog Blaubarts Burg|Hrad Modrovousův|Hrad vévody Modrovouse|Il castello di Barbablù|Le Château de Barbe-Bleue|Modrovousův hrad|Zamek Sinobrodego
Q250903	Trial by Jury	Juicio por jurado|Trial by Jury
Q251667	Shrek the Musical	Shrek|Shrek - Das Musical|Shrek the Musical
Q253376	Der Wildschütz	Der Wildschütz|Der Wildschütz oder Die Stimme der Natur|El cazador del bosque|Pytlák|Pytlák čili Hlas přírody
Q253866	Der Vampyr	Der Vampyr|Il vampiro|Wampir
Q254363	Les Abencérages	Abencerrages|Abencérages|Das Feldpanier von Granada|Die Abenceragen|Die Abenceragen, oder Das Feldpanier von Granada|Die Abencerragen|Gli Abenceragi|Gli Abenceragi, o Lo stendardo di Granata|L'Étendard de Grenade|L'étendard de Grenade|Les Abencerages|Les Abencérages|Les Abencérages, ou L'Étendard de Grenade|Les Abencérages, ou L'étendard de Grenade|Lo stendardo di Granata|The Abencerrages|The Abencerrages, or The standard of Granada
Q255938	Le domino noir	Il domino nero|Le Domino noir|Le domino noir
Q260296	May Night	Die Mainacht|La noche de mayo|Maiskaja notsch|May Night|Notte di maggio|Nuit de mai|Майская ночь
Q261831	Elisabetta, regina d'Inghilterra	Elisabetta regina d’Inghilterra|Elisabetta, Regina d'Inghilterra|Elisabetta, regina d'Inghilterra|Elżbieta, królowa Anglii|Isabel, reina de Inglaterra
Q263045	Enrico di Borgogna	Enrico di Borgogna
Q263297	Le prophète	Der Prophet|El profeta|Il profeta|Le Prophète|Le prophete|Le prophète|Prorok
Q264154	La cambiale di matrimonio	La cambiale di matrimonio|Weksel małżeński
Q264671	Sapho	Safo|Sapho
Q264750	Riders to the Sea	Riders to the Sea
Q265909	Sir John in Love	Sir John in Love|Zamilovaný Sir John
Q267467	L'enfant et les sortilèges	''L'enfant et les sortilèges''|Das Kind und der Zauberspuk|Dítě a kouzla|El niño y los sortilegios|L'Enfant et les Sortilèges|L'Enfant et les sortilèges|L'enfant et les sortilèges|L'enfant et les sortilèges: Fantaisie lyrique en deux parties|L’Enfant et les Sortilèges|The Child and the Spells
Q269041	Banditenstreiche	Banditenstreiche
Q269077	Donna Diana	Donna Diana
Q269455	Horatius Coclès	Horatius Cocles|Horatius Coclès
Q272029	Götterdämmerung	El ocaso de los dioses|Gotterdammerung|Gotterdämmerung|Götterdammerung|Götterdämmerung|Il crepuscolo degli dei|Le Crepuscule des dieux|Le Crépuscule des dieux|Twilight of the Gods|Zmierzch bogów
Q275354	Prince Igor	El Principe Igor|El Príncipe Igor|El príncipe Ígor|Fürst Igor|Il principe Igor'|Kniaź Igor|Knjaz Igor|Kníže Igor|Książę Igor|Le Prince Igor|Prince Igor|Principe Igor|Príncipe Igor
Q275627	Alcina	Alcina|Alcyna|HWV 34
Q277018	Das Feuerwerk	Das Feuerwerk|Fajerwerk (komedia muzyczna)|Feuerwerk
Q277044	Háry János	Hary Janos|Háry János
Q277364	The Chocolate Soldier	Bohaterowie|Der tapfere Soldat|The Chocolate Soldier
Q277846	Benvenuto Cellini	Benvenuto Cellini|Benvenuto Cellini (Berlioz)
Q285085	Il pittore parigino	Il pittor parigino|Il pittore parigino|Le brame deluse
Q285689	Les Francs-juges	Les Francs-juges|Les francs-juges
Q286488	Louise	Louise
Q287281	Starlight Express	Expreso Astral|Starlight Express|Starlightexpress
Q287282	L'amor coniugale	L'amor coniugale|L’amor coniugale
Q301608	The Noblewoman Vera Sheloga	Bojarynja Wera Scheloga|Die Bojarin Wera Scheloga|La boiarda Vera Šeloga|The Noblewoman Vera Sheloga|Боярыня Вера Шелога
Q305422	Amica	Amica
Q318455	Falstaff	Falstaff|Falstaff de Verdi
Q320353	Norma	Norma
Q320363	Macbeth	Macbeth|Makbet
Q323838	Die drei Pintos	Die drei Pintos|I tre Pinto|I tre Pinto : opera comica in tre atti
Q324319	Die Walküre	Die Walkure|Die Walküre|La Valchiria|La Valkyrie|La Walkyrie|La cavalcata delle valchirie|La valquiria|The Valkyrie|Valkýra|Walkiria
Q327717	Das Rheingold	Das Rheingold|El oro del Rin|L'Or du Rhin|L'or du Rhin|L'oro del Reno|L’Or du Rhin|Rheingold|Rýnské zlato|The Rhinegold|Zlato Rýna|Złoto Renu
Q332536	L'elisir d'amore	Der Liebestrank|El elixir de amor|Elisir d'Amore|Elixir de Amor|L' Elixir d'amour|L'Elixir d'amour|L'elisir d'amore|L'Élixir D'amour|L’Elisir d’amore|L’elisir d’amore|Napój miłosny|Nápoj lásky|The Elixir of Love
Q333146	Siegfried	Siegfried|Sigfrido|Zygfryd
Q335012	The Tales of Hoffmann	Contes d'Hoffmann|Hoffmannovy povídky|Hoffmanns Erzählungen|I racconti di Hoffmann|Les Contes d'Hoffman|Les Contes d'Hoffmann|Les Contes de Hoffmann|Les Contes d’Hoffmann|Les contes d'Hoffmann|Los cuentos de Hoffmann|Opowieści Hoffmanna|Pitichinaccio|The Tales of Hoffmann
Q337097	Cats	Cats|Cats el musical|Jellicle Cat|Koty|Kočky|Macavity|Personaggi Cats
Q338976	Antigona	Antigona|Antígona
Q339043	La Juive	Die Jüdin|L'ebrea|La Juive|La judia|La judía|The Jewess|Żydówka|Židovka
Q341482	Acis and Galatea	Aci e Galatea|Acis and Galatea|Acis et Galatée|Acis y Galatea|HWV 49a
Q341496	Acis et Galatée	Aci e Galatea|Acis a Galatea|Acis et Galatee|Acis et Galathée|Acis et Galatée|Ákis a Galateia
Q357801	La scuola de' gelosi	Die Schule der Eifersüchtigen|La Scuola de' gelosi|La Scuola de'gelosi|La escuela de los celosos|La scuola de' gelosi|La scuola de’ gelosi
Q358101	Tarare	Tarare
Q358693	Admeto	Admeto|Admeto, re di Tessaglia|HWV 22
Q362014	Palmira, regina di Persia	Palmira, regina di Persia
Q363824	Der Protagonist	Der Protagonist
Q368019	Pelléas et Mélisande	Peleas i Melizanda|Peleas y Melisande|Pelleas a Melisanda|Pelleas et Melisande|Pelleas und Melisande|Pelléas a Melisanda|Pelléas a Mélisanda|Pelléas et Mélisande
Q368944	Palestrina	Palestrina
Q369659	La chute de la maison Usher	La Chute de la maison Usher|La caida de la Casa Usher|La caída de la Casa Usher|La chute de la maison Usher
Q370008	Prima la musica e poi le parole	Prima la musica e poi le parole
Q370473	Don Procopio	Don Procopio
Q371048	Das Nachtlager in Granada	Das Nachtlager in Granada|Das Nachtlager von Granada|El campamento nocturno en Granada
Q371140	Europeras	Europera|Europeras
Q371584	Stiffelio	Guglielmo Wellingrode|Stiffelio
Q373076	Barbe-bleue	Barbazul|Barbe-Bleue|Barbe-bleue|Blaubart|Rycerz Sinobrody
Q375063	Adriana Lecouvreur	Adriana Lecouvreur|Adriana Lecouvreur (Cilea)
Q377685	Maria Stuarda	Donizetti, Gaetano, 1797-1848. Mary Stuart|Maria Estuardo|Maria Stuarda|Marie Stuartovna|María Estuardo
Q377876	Trouble in Tahiti	Trouble in Tahiti
Q378237	La serva padrona	La serva padrona|Služka paní
Q378784	Can-Can	Can-Can
Q381006	David et Jonathas	David et Jonathas
Q381391	Riccardo Primo	HWV 23|Riccardo I.|Riccardo Primo
Q381399	Ottone	HWV 15|Ottone|Ottone, re di Germania
Q381411	Atalanta	Atalanta|HWV 35
Q381419	Faramondo	Faramondo|HWV 39
Q381427	Berenice	Berenice|Berenice, regina d'Egitto|HWV 38
Q381849	Arianna in Creta	Ariadne in Crete|Arianna|Arianna in Creta|HWV 32
Q381965	Venus and Adonis	Venus and Adonis
Q382353	The Phantom of the Opera	Das Phantom der Oper|El fantasma de la opera|El fantasma de la ópera|Fantom opery|Il fantasma dell'Opera|Muzikál Fantom opery|Phantom of the Opera|The Phantom of the Opera|Upiór w operze
Q384482	Artaxerxes	Artajerjes|Artaxerxes
Q386248	Les saltimbanques	Les Saltimbanques|Les saltimbanques
Q386846	Boris Godunov	Boris Godounov|Boris Godunov|Boris Godunow|Borys Godunow|Borís Godunov
Q390779	Arabella	Arabella
Q391730	Barbara von Tisenhusen	Barbara von Tisenhusen
Q394759	Agnes von Hohenstaufen	Agnes von Hohenstaufen|Agnese di Hohenstaufen
Q397041	Agrippina	Agripina|Agrippina|HWV 6
Q403810	Aida	Aida|Aida (musical)|Aida musical|Aïda
Q417738	Akhnaten	Achnaton|Akenatón|Akhnaten|Echnaton
Q426071	Emilia di Liverpool	Emilia di Liverpool|L'eremitaggio di Liwerpool|L’eremitaggio di Liwerpool
Q427877	La farsa amorosa	La farsa amorosa
Q428319	Il matrimonio segreto	Die heimliche Ehe|El matrimonio secreto|Il matrimonio segreto|Tajná svatba|Tajný sňatek|le Mariage secret
Q428893	Das Spitzentuch der Königin	Das Spitzentuch der Königin|The Queen's Lace Handkerchief
Q430250	Il Teuzzone	Il Teuzzone|RV 736|Teuzzone
Q432351	Stop the World – I Want to Get Off	Stop the World – I Want to Get Off|Stop the World: I Want to Get Off
Q444076	The Flight across the Ocean	Der Lindberghflug|Der Ozeanflug|Il volo oceanico|Le vol au-dessus de l'océan|The Flight across the Ocean
Q446174	Dirty Dancing	Dirty Dancing
Q450801	Alzira	Alzira
Q452022	Amadigi di Gaula	Amadigi|Amadigi di Gaula|Amadigi di gaula|Amadigi in Gaula|HWV 11
Q452523	Amahl and the Night Visitors	Amahl|Amahl a noční návštěvníci|Amahl and the Night Visitors|Amahl e i visitatori notturni|Amahl und die nächtlichen Besucher|Amahl y los visitantes nocturnos
Q453528	Die Liebe der Danae	Die Liebe der Danae|El amor de Danae|El amor de Dánae|Heitere Mythologie in drei Akten|Liebe der Danae|op. 83
Q457166	Gli Orazi e i Curiazi	Gli Orazi e i Curiazi|Gli Orazi e i Curiazi (Cimarosa)|Horacios y Curiacios (Cimarosa)
Q459341	Manon Lescaut	Manon Lescaut
Q460319	La fanciulla del West	Das Mädchen aus dem goldenen Westen|Dziewczyna ze Złotego Zachodu|Dívka ze zlatého Západu|Děvče ze Západu|Děvče ze zlatého Západu|La Fanciulla del West|La Fille du Far-West|La fanciulla del West|La fanciulla del west|The Girl of the Golden West
Q460755	I Rantzau	I Rantzau
Q461182	Il furioso all'isola di San Domingo	Il furioso all'isola di San Domingo
Q461669	Amelia Goes to the Ball	Amelia Goes to the Ball|Amelia al ballo|Amelia geht zum Ball|Amélie jde na ples
Q463710	Der Barbier von Bagdad	Barbier von Bagdad|Der Barbier von Bagdad|El barbero de Bagdad|Il barbiere di Bagdad|Lazebník bagdádský|Lazebník z Bagdadu|Le Barbier de Bagdad
Q463726	L'ajo nell'imbarazzo	Don Gregorio|L'ajo nell'Imbarazzo|L'ajo nell'imbarazzo|L’ajo nell’imbarazzo
Q464080	Le médecin malgré lui	Der Arzt wider Willen|Le Médecin malgré lui|Le médecin malgré lui|The Mock Doctor
Q464511	The Gypsy Baron	Baron cygański|Cikánský baron|Der Zigeunerbaron|El baron gitano|El barón gitano|Le Baron Tzigane|Le Baron tzigane|Le baron tzigane|Lo zingaro barone|The Gypsy Baron
Q464514	La zingara	La zingara
Q464606	The Turn of the Screw	Die Besessenen|Die Drehung der Schraube|Die sündigen Engel|Dokręcanie śruby|Il giro di vite|La vuelta de tuerca|Le Tour d'Écrou|Obrót śruby|Otra vuelta de tuerca|Padlí andělé|The Turn of the Screw|Utažení šroubu|W kleszczach lęku
Q464664	Il campanello	Il campanello|Il campanello dello speziale|Il campanello di notte
Q464787	Cherevichki	Cherevichki|Der Pantoffelheld|Die Pantöffelchen|Die goldenen Schuhe|Gli stivaletti|Les Souliers de la reine|Oxanas Launen|Pantöffelchen|Střevíčky|Tcherevitchki|Trzewiczki|Tscherewitschki|Čerevički|Черевички
Q464930	Die Fledermaus	Die Fledermaus|Die Fledermaus (Strauss)|El murcielago|El murciélago|Il pipistrello|La Chauve-Souris|La Chauve-souris|La chauve-souris|Netopýr|The Bat|Zemsta nietoperza
Q465082	American Idiot	American Idiot|American Idiot (Musical)|American Idiot: The Original Broadway Cast Recording
Q465270	Il giovedì grasso, o Il nuovo Pourceaugnac	Holy Thursday|Il giovedi grasso|Il giovedì grasso|Il giovedì grasso, o Il nuovo Pourceaugnac|Il nuovo Pourceaugnac|The New Pourceaugnac
Q465540	Die Meistersinger von Nürnberg	Beckmesser|Die Meistersinger von Nurnberg|Die Meistersinger von Nürnberg|Die Meistersänger von Nürnberg|Die meistersinger von Nürnberg|I maestri cantori di Norimberga|Les Maitres Chanteurs de Nuremberg|Les Maîtres Chanteurs de Nuremberg|Les maîtres chanteurs|Los maestros cantores de Nuremberg|Los maestros cantores de Núremberg|Meistersinger von Nürnberg|Meistersänger von Nürnberg|Mistři pěvci norimberští|Śpiewacy norymberscy
Q465544	L'anima del filosofo	Dusza filozofa albo Orfeusz i Eurydyka|L'anima del filosofo|L'anima del filosofo, ossia Orfeo ed Euridice|Orfeo e Euridice|Orfeo ed Euridice
Q466170	Kashchey the Deathless	Der unsterbliche Kastschei|Kachtcheï l'immortel|Kaschtschei bessmertny|Kaschtschei der Unsterbliche|Kashchey the Deathless|Kashchey the Immortal|Kaščej l'immortale|Kochtcheï l'Immortel|Unhold Ohneseele
Q466338	I masnadieri	Die Räuber|I masnadieri|Les Brigands|Zbójcy
Q466848	Les Huguenots	Die Hugenotten|Gli ugonotti|Hugenoti|Hugonoci|I Guelfi e i Ghibellini|Les Huguenots|Los hugonotes
Q466919	Zhenitba	Die Heirat (Oper)|El matrimoni|Il matrimonio|Zhenitba
Q467107	La fedeltà premiata	Haydn, Joseph, 1732-1809. Belohnte Treue|Haydn, Joseph, 1732-1809. Fidelity rewarded|Haydn, Joseph, 1732-1809. Fidélité récompensée|La fedelta premiata|La fedeltà premiata
Q467289	Il corsaro	Der Korsar|El corsario|Il corsaro|Korsarz (opera)|Le Corsaire (Verdi)
Q467292	Il pirata	Der Pirat|El pirata|Il Pirata|Il pirata|Le Pirate|Pirat (opera)|Piráti|Piráti (Bellini)
Q467311	Il maestro di cappella	El maestro de capilla|Il maestro di cappella
Q467394	La favorite	Die Favoritin|Favoritka|Faworyta (opera)|La Favorita|La Favorite|La favorita|La favorite
Q467399	Il crociato in Egitto	Der Kreuzritter in Ägypten|El cruzado en Egipto|Il crociato in Egitto|Krucjata w Egipcie|Le Croisé en Égypte
Q467605	Il piccolo Marat	El pequeño Marat|Il piccolo Marat|Il piccolo marat
Q467698	The Little Sweep	Der kleine Schornsteinfeger|El pequeño deshollinador|Kominíček|Le Petit Ramoneur|Let's Make an Opera|Let’s Make an Opera|Mały kominiarczyk|The Little Sweep|Wir machen eine Oper
Q467897	Les diamants de la couronne	Die Krondiamanten|Les Diamants de la couronne|Les diamants de la couronne
Q468112	I due Foscari	Die beiden Foscari|Dwaj Foskariusze|Foscariové|Foscariové (Verdi)|Foscariové (opera)|I Due Foscari|I due Foscari|I due Foscari (Verdi)|I due Foscari (opera)|I due foscari|Oba Foscariové|The two Foscari
Q468161	The Haunted Manor	Das Gespensterschloss|La casa embrujada (ópera)|Le Château hanté|Straszny Dwór|Straszny dwor|Straszny dwór|Strašidelný zámek|The Haunted Manor
Q468235	Il tabarro	Der Mantel|Il Tabarro|Il abarro|Il tabarro|Il trittico|La Houppelande|Plášť|Płaszcz
Q468343	The Stone Guest	Der steinerne Gast|El convidado de piedra|Il convitato di pietra|Kamienny gość|Le Convive de pierre|The Stone Guest
Q468384	L'isola disabitata	L'isola disabitata|L'isola disabitata (Haydn)|La isla deshabitada|L’isola disabitata
Q468546	La battaglia di Legnano	Bitwa pod Legnano (opera)|Die Schlacht von Legnano|L'assedio d'Arlem|La Bataille De Legnano|La Bataille de Legnano|La Bataille de Legnano (Verdi)|La Battaglia di Legnano|La bataille de legnano|La batalla de Legnano|La battaglia di Legnano|La battaglia di legnano|The Battle of Legnano
Q468625	I Lombardi alla prima crociata	I Lombardi|I Lombardi Alla Prima Crociata|I Lombardi alla prima crociata|I lombardi|I lombardi alla prima crociata|Les Lombards à la première croisade|Les Lombards à la première croisade (Verdi)|Lombardczycy|Lombarďané na první křížové výpravě
Q468633	Le postillon de Lonjumeau	Der Postillon von Lonjumeau|Le Postillon De Lonjumeau|Le Postillon de Longjumeau|Le Postillon de Lonjumeau|Le postillon de Lonjumeau|Le postillon de lonjumeau|Pocztylion z Lonjumeau|Postilion z Lonjumeau|Postilión z Lonjumeau
Q469604	Of Thee I Sing	Of Thee I Sing
Q470612	La poupée de Nuremberg	Die Nürnberger Puppe|La Poupée de Nuremberg|La poupee de Nuremberg|La poupée de Nuremberg|Norimberská loutka
Q470695	Lo speziale	Der Apotheker|Lo speziale
Q470739	Dinorah	Dinorah|Dinorah ou Le Pardon de Ploërmel|El perdón de Ploërmel|Il pellegrinaggio a Ploermel|Le Pardon de Ploërmel
Q470773	La muette de Portici	Die Stumme von Portici|La Muette de Portici|La muette de Portici|La muta di Portici|Masaniello, o La muda de Portici|Muette de Portici|Niema z Portici|Němá z Portici|Němá z Portiči
Q470870	The Maid of Pskov	Das Mädchen von Pskow|Die Pskowerin|La Pskovitaine|La dama de Pskov|La fanciulla di Pskov|Pskowitjanka|The Maid of Pskov
Q470876	Il paria	Il paria
Q470886	I puritani	Die Puritaner|I Puritani|I puritani|I puritani e i cavalieri|I puritáni|Les Puritains|Purytanie (opera Belliniego)|Purytanie (opera)
Q470899	Il re pastore	El rey pastor|Il Re pastore|Il Rè pastore|Il re pastore|Il re pastore (Mozart)|Il rè pastore|K 208|K. 208|KV 208|Král pastýř|Król pasterz (KV 208)|Le Roi pasteur
Q470932	Un giorno di regno	A Day's Reign|Der falsche Stanislaus|Dzień królowania|Dzień panowania|Il finto Stanislao|Jeden den králem|Jednodenní království|König für einen Tag|The False Stanislaw|Un Jour de règne|Un giorno di regno
Q470983	Il viaggio a Reims	Cesta do Remeše|Die Reise nach Reims|El viaje a Reims|Il Viaggio a Reims|Il viaggio a Reims|Il viaggio a Reims ossia L'albergo del giglio d'oro|Il viaggio a Reims, ossia L'albergo del giglio d'oro|Il viaggio a reims|L'albergo del Giglio d'Oro|Le Voyage à Reims|Le voyage à Reims|Podróż do Reims|Viaggio a Reims|Voyage à Reims
Q471164	L'esule di Roma	Il proscritto|L'esule di Roma
Q471226	Il borgomastro di Saardam	Il borgomastro di Saardam|The Burgomaster of Saardam
Q471240	Der Rosenkavalier	Chevalier à la rose|Der Rosenkavalier|El caballero de la rosa|Il cavaliere della rosa|Kawaler srebrnej róży|Le Chevalier a la rose|Le Chevalier À La Rose|Le Chevalier à la rose|Le Chevalier à la rose (Richard Strauss)|Le chevalier à la rose|Rosenkavalier|Růžový kavalír|The Rosenkavalier
Q471330	La scala di seta	Die seidene Leiter|Hedvábný žebřík|Jedwabna drabinka|L'échelle de soie|La scala di seta|The Silken Ladder
Q471573	La pietra del paragone	Der Prüfstein|Die Liebesprobe|La Pierre de touche|La Pietra del Paragone|La Pietra del paragone|La pietra del paragone|Pietra del paragone
Q471645	Les vêpres siciliennes	Die sizilianische Vesper|I vespri siciliani|Las visperas sicilianas|Las vísperas sicilianas|Les Vepres siciliennes|Les Vêpres siciliennes|Les vepres siciliennes|Les vêpres siciliennes|Nieszpory sycylijskie|Sicilské nešpory
Q471725	The Fair at Sorochyntsi	Der Jahrmarkt von Sorotschinzy|Fair at Sorochinsk|Fair of Sorochintsi|Fiera di Sorocinzi|Foire de Sorotchintsi|Foire de Sorotchintzi|Jahrmarkt von Sorotschintzi|Jahrmarkt zu Ssorotschinzi|Jarmark soroczyński|La feria de Sorochinets|La feria de Sorochinsk|La feria de Soróchinets|La feria de Soróchinsk|La fiera di Soročynci|Sorochinskaya yarmarka|Sorochintsy fair|Sorochintsï fair|Sorotschinskaja jarmarka|The Fair at Sorochintsï|The Fair at Sorochyntsi|Сорочинская ярмарка
Q471784	La jolie fille de Perth	Das schöne Mädchen von Perth|La Jolie Fille de Perth|La bella fanciulla di Perth|La bella muchacha de Perth|La jolie fille de Perth|La jolie fille de perth
Q471810	Der Schauspieldirektor	Der Schauspieldirektor|Divadelní ředitel|Dyrektor teatru (KV 486)|El empresario teatral|K. 486|KV 486|L'Impresario Teatrale|L'impresario teatrale|Le Directeur de théâtre|The Impresario
Q471821	La finta semplice	Das schlaue Mädchen|Die Einfältige aus Klugheit|Die schlaue Heuchlerin|Die verstellte Einfalt|Die vorgeblich Einfältige|K 51|K. 51/46a|KV 51|KV 51/46a|Kv 46a|La Fausse Ingénue|La Finta Semplice|La credula fingida|La crédula fingida|La finta semplice|La ingenua fingida|Rzekoma naiwność|The Pretended Simpleton|Udana Naiwność (KV 51)|Udana naiwność|Udana naiwność (KV 51)
Q472315	Le toréador	Le Toréador|Le Toréador, ou L'Accord parfait|Le toreador|Le toréador|Toreador aneb Dokonalý souzvuk
Q472318	La gazza ladra	Die diebische Elster|La Pie voleuse|La gazza Larda|La gazza ladra|La gazza ladra (opera)|La urraca ladrona|Sroka złodziejka|Straka zlodějka|The Thieving Magpie
Q472325	Les Troyens	Die Trojaner|La Prise de Troie|Les Troyens|Les Troyens (Berlioz)|Les Troyens a Carthage|Les Troyens à Carthage|Los Troyanos|Los troyanos
Q474647	Iris	Iris
Q477643	Il turco in Italia	Der Türke in Italien|El turco en Italia|Il turco in Italia|Il turco in italia|Le Turc en Italie|The Turk in Italy|Turek v Itálii|Turek we Włoszech
Q477656	Die Feen	Die Feen|Las hadas|Le fate|Les Fées|Víly
Q477837	The Enchantress	Die Zauberin|L'Enchanteresse|La hechicera|La maliarda|L’Enchanteresse|The Enchantress|Čarodějka
Q478102	L'incontro improvviso	Die unverhoffte Begegnung|L'incontro improvviso|La rencontre impromptue|L’incontro improvviso
Q478202	The Merry Widow	Die lustige Witwe|Die lustige witwe|La Veuve Joyeuse|La Veuve joyeuse|La Viuda Alegre|La vedova allegra|La veuve joyeuse|La viuda alegre|La viuda alegre (Lehar)|La viuda alegre (Lehár)|Lehár, Franz, 1870-1948. Dora, la viuda alegre|Lehár, Franz, 1870-1948. Glada änkan|Lehár, Franz, 1870-1948. Glade enke|Lehár, Franz, 1870-1948. Merry widow|Lehár, Franz, 1870-1948. Vedova allegra|Lehár, Franz, 1870-1948. Veuve joyeuse|Lehár, Franz, 1870-1948. Viuda alegre|Lustige Witwe|The Merry Widow|Veselá vdova|Veuve Joyeuse|Wesoła wdówka
Q485135	Montezuma	Moctezuma|Montezuma
Q487249	The Old Maid and the Thief	Die alte Jungfer und der Dieb|Il ladro e la zitella|La vieja doncella y el ladron|La vieja doncella y el ladrón|Stará panna a zloděj|The Old Maid and the Thief
Q487330	Fiddler on the Roof	Anatevka|Der Fiedler auf dem Dach|El violinista en el tejado|Fiddler on the Roof|Fiddler on the roof|Fyedka|Skrzypek na dachu|Un violon sur le toit|Šumař na střeše
Q493656	Andrea Chénier	Andrea Chenier|Andrea Chénier
Q498325	Zorba	Sorbas|Zorba
Q499778	The Yeomen of the Guard	Los alabarderos de la Casa Real|The Yeomen of the Guard
Q503447	Adelaide di Borgogna	Adelaide di Borgogna|Adelajda z Burgundii|Ottone Re d'Italia
Q503582	Adelia	Adelia|La figlia dell'arciere
Q503632	Adelson e Salvini	Adelson e Salvini|Adelson i Salvini|Adelson y Salvini
Q504102	Adina	Adina|Adina (opera)|Adina or Il califfo di Bagdad|Adina, ovvero Il Califfo di Bagdad|Il Califfo di Bagdad
Q507217	De Temporum Fine Comoedia	De Temporum Fine Comoedia|De temporum fine comoedia – Das Spiel vom Ende der Zeiten|De temporum fine comœdia
Q508290	Mathis der Maler	Malíř Mathis|Mathis der Maler|Mathis le peintre|Matias el pintor|Matías el pintor
Q509761	La gazzetta	La gazzetta
Q509853	The Unsinkable Molly Brown	The Unsinkable Molly Brown
Q514453	Medea	Medea|Medea di Corinto
Q517060	Alahor in Granata	Alahor in Granata
Q520950	Torquato Tasso	Sordello|Torquato Tasso
Q521233	Il segreto di Susanna	El secreto de Susana|Il Segreto di Susanna|Il segreto di Susanna|Susannens Geheimnis
Q522408	Ruslan and Lyudmila	Rouslan et Ludmila|Ruslan a Ludmila|Ruslan a Ludmila (opera)|Ruslan and Lyudmila|Ruslan e Ludmilla|Ruslan und Ljudmila|Ruslan y Liudmila|Ruslán y Liudmila|Rusłan i Ludmiła
Q527357	The Gamblers	Die Spieler|I giocatori|Les Joueurs|Los jugadores|The Gamblers
Q531564	Ezio	Aecio|Aetius|Ezio|Ezio, HWV 29|HWV 29
Q536026	Sapho	Safo|Sapho
Q536064	La Calisto	La Calisto
Q539339	The Rake's Progress	Der Wüstling|El progreso del libertino|La Carrière du libertin|La carriera di un libertino|The Rake's Progress|The Rake’s Progress|Život prostopášníka
Q539410	Gianni di Calais	Gianni da Calais|Gianni di Calais
Q545265	Luisa Miller	Luisa Miller|Luisa Millerová|Luiza Miller
Q547258	The Gipsy Princess	Csárdáskirálynő|Die Csárdásfürstin|Księżniczka czardasza|La princesa gitana|La principessa della Czarda|Princesse Czardas|The Gipsy Princess|The Riviera Girl|Čardášová princezna
Q548161	Simon Boccanegra	Simon Boccanegra|Simone Boccanera|Simón Boccanegra
Q548344	La bella molinara	Doubtful Love, or The Maid of the Mill|Krásná mlynářka|L'amor contrastato|La bella molinara|La molinara|La molinara; La molinara astuta|L’amor contrastato, ossia La molinara|Mlynářka|Spanilá mlynářka
Q553890	Rent	RENT|Rent
Q555655	L'infedeltà delusa	L'infedeltà delusa
Q559584	Man of La Mancha	Der Mann von La Mancha|El hombre de La Mancha|L'Homme de la Mancha|Man of La Mancha
Q559848	Anna Bolena	Ana Bolena|Anna Bolena|Anna Boleyn|Anna Boleyn (opera)
Q560619	Tannhäuser	La lotta dei Bardi al Castello di Varteburgo|Tannhäuser|Tannhäuser et le tournoi des chanteurs à la Wartburg|Tannhäuser und der Sängerkrieg auf Wartburg|Tannhäuser y el torneo poético del Wartburg
Q565663	Brundibár	Brundibar|Brundibár
Q566892	Annie	Annie
Q566949	Annie Get Your Gun	Annie Get Your Gun|Annie Get Your Gun (Musical)|Annie du Far West
Q572359	The Miserly Knight	Der geizige Ritter|El caballero avaro|Il cavaliere avaro|Le Chevalier avare|Skupoi ryzar|The Miserly Knight
Q575371	Antigonae	Antigonae|Antígona
Q576230	Le duc d'Albe	Il duca d'Alba|Le Duc d'Albe|Le duc d'Albe|Le duc d’Albe|The Duke of Alba
Q577758	Médée	Medea|Medee|Médea|Médée
Q577825	Albert Herring	Albert Herring
Q578526	La clemenza di Tito	KV 621|La Clémence de Titus|La clemencia de Tito|La clemenza di Tito|The Clemency of Titus|Titus
Q578706	L'amico Fritz	L'ami Fritz|L'amico Fritz|L’amico Fritz
Q578781	Guglielmo Ratcliff	Guglielmo Ratcliff
Q579026	The Golden Cockerel	Der goldene Hahn|El gallo de oro|Il gallo d'oro|Le Coq d'or|The Golden Cockerel|Zlatý kohoutek|Złoty kogucik|Золотой петушок
Q579927	Spring Awakening	Frühlings Erwachen|L'Éveil du printemps|Probuzení jara|Przebudzenie wiosny|Spring Awakening
Q581474	Clari	Clari
Q583156	Mosè in Egitto	Mojżesz w Egipcie|Mojžíš v Egyptě|Mose in Egitto|Moses in Egypt|Moses in Ägypten|Mosè|Mosè in Egitto
Q583297	Les Indes galantes	Dvorní Indové|Indes galantes|Las Indias galantes|Le Indie galanti|Les Indes galantes
Q583612	The Rocky Horror Show	The Rocky Horror Show
Q585313	Il fortunato inganno	Il fortunato inganno
Q589932	L'italiana in Algeri	Die Italienerin in Algier|Italka v Alžíru|L'italiana in Algeri|La italiana en Argel|L’italiana in Algeri|Włoszka w Algierze
Q591943	My Fair Lady	My Fair Lady
Q592291	Halka	Halka
Q592464	Keto and Kote	Keto a Kote|Keto and Kote|Keto da Kote|Keto da kote|Keto y Kote
Q593319	L'heure espagnole	Die spanische Stunde|Godzina hiszpańska|L'Heure espagnole|L'heure espagnole|La hora española|Španělská hodinka
Q593511	The Consul	Der Konsul|Il console|Konzul|Le Consul|The Consul
Q594492	Gismonda	Gismonda
Q596927	Der Zarewitsch	Carevič|Carewicz|Der Zarewitsch|El zarevich|El zarévich
Q599053	Redhead	La pelirroja|Redhead
Q600572	Libuše	Libusa|Libussa|Libusza|Libuše
Q603962	The Boy from Oz	The Boy From Oz|The Boy from Oz
Q604731	La fée Urgèle	La Fée Urgèle|La fee Urgele|La fée Urgèle
Q605750	A Midsummer Night's Dream	A Midsummer Night's Dream|A Midsummer Night’s Dream|Ein Sommernachtstraum|El sueño de una noche de verano|Le Songe d'une nuit d'été|Sen noci svatojánské|Sogno di una notte di mezza estate
Q605920	The Death of Klinghoffer	Death of Klinghoffer|La morte di Klinghoffer|La muerte de Klinghoffer|Smrt Klinghoffera|The Death of Klinghoffer
Q606906	Le astuzie femminili	Die weiblichen Listen|Die weiblichen Ränke|Le astuzie femminili|The Clever Woman|Weiberlist
Q611332	Brigadoon	Brigadoon
Q611626	Grease	Grease|Pomáda (muzikál)
Q615522	L'incoronazione di Poppea	Die Krönung der Poppea|Incoronazione di Poppea|Koronacja Poppei|Korunovace Poppaey|Korunovace Poppey|L'incoronazione di Poppea|La coronacion de Popea|La coronación de Popea|L’incoronazione di Poppea|SV 308|The Coronation of Poppaea
Q615663	The Merry Wives of Windsor	Die lustigen Weiber von Windsor|Las alegres comadres de Windsor|Le allegre comari di Windsor|Merry Wives of Windsor|The Merry Wives of Windsor|Veselé paničky windsorské
Q615696	Curlew River	Curlew River|Řeka Sumida
Q616439	Wicked	La Méchante|Wicked|Wicked – Die Hexen von Oz|Wicked: The Untold Story of the Witches of Oz|Čarodějka
Q618009	Cardillac	Cardillac
Q620638	Appalachian Spring	Apalačské jaro|Appalachian Spring|Simple Gifts
Q621393	Alessandro Stradella	Alessandro Stradella
Q624420	Fantasio	Fantasio
Q625282	Promises, Promises	Promises, Promises
Q628536	Monna Vanna	Monna Vanna
Q630164	Guercœur	Guercoeur|Guercœur
Q630476	Death in Venice	Death in Venice|Morte a Venezia|Muerte en Venecia|Smrt v Benátkách|Tod in Venedig
Q630941	Vakula the Smith	Il fabbro Vakula|Kovář Vakula|Kuznets Vakula|Smith Vakula|Vakoula le Forgeron|Vakula el herrero|Vakula the Smith|Кузнец Вакула
Q631016	Hamlet	Amleto|Hamlet
Q634404	Der junge Lord	Der junge Lord|El joven Lord
Q636873	Oberto, conte di San Bonifacio	Oberto|Oberto, Conte di San Bonifacio|Oberto, conte di San Bonifacio|Oberto, hrabě ze San Bonifacia
Q637613	Il castello di Kenilworth	Elisabetta al castello di Kenilworth|Il castello di Kenilworth
Q639390	Funny Face	Funny Face
Q641095	Rodelinda	Rodelinda|Rodelinda, regina de’ Longobardi
Q643799	Lotario	Lotario
Q648981	Alina, regina di Golconda	Alina|Alina, regina di Golconda
Q651596	L'occasione fa il ladro	Gelegenheit macht Diebe|L'occasione fa il ladro|L’occasione fa il ladro|Okazja czyni złodzieja
Q652926	Parisina	Parisina|Parisina d'Este
Q653753	Miss Saigon	Miss Saigon|Miss Saigón
Q654633	Ariadne auf Naxos	Ariadna de Naxos|Ariadna en Naxos|Ariadna na Naksos (opera Straussa)|Ariadna na Naxos|Ariadna na Naxu|Ariadne auf Naxos|Ariadne auf naxos|Ariane à Naxos|Arianna a Nasso
Q654861	La Wally	La Wally|Wally
Q655858	Ariane et Barbe-bleue	Ariana y Barbazul|Ariane et Barbe-Bleue|Ariane et Barbe-bleue
Q656057	Sister Act	Sister Act
Q656082	Anything Goes	Anything Goes
Q656285	Chicago	Chicago
Q656332	Thoroughly Modern Millie	Thoroughly Modern Millie
Q657595	Mignon	Mignon
Q657853	Hunyadi László	Hunyadi Laszlo|Hunyadi László
Q659107	Acante et Céphise	Acante et Cephise|Acante et Céphise|Acanthe et Céphise
Q660049	Der vierjährige Posten	Der vierjährige Posten|The Four-Year Post
Q661265	Hélène	Helena|Helene|Hélène
Q661754	Feuersnot	Feuersnot
Q662514	Ariodante	Ariodant|Ariodante|Ariodantes|HWV 33
Q663965	Der Graf von Luxemburg	Der Graf von Luxemburg|El conde de Luxemburgo|Hrabia Luksemburg|Hrabě Luxemburg|Il conte di Lussemburgo|Le Comte de Luxembourg
Q669010	West Side Story	Příběh ze západní čvrti|West Side Story|Westside Story
Q669125	Le siège de Corinthe	L'assedio di Corinto|Le Siege de Corinthe|Le Siège de Corinthe|Le siege de Corinthe|Le siège de Corinthe|Obléhání Korintu
Q669382	Linda di Chamounix	Linda di Chamounix
Q670898	Il prigioniero	Der Gefangene|Il prigioniero|Le prisonnier|Więzień
Q672708	Roberto Devereux	Il conte di Essex|Robert Devereux|Roberto Devereux
Q673893	Saturday Night Fever	Fiebre del sabado noche|Fiebre del sábado noche|Saturday Night Fever
Q674145	La belle au bois dormant	La Belle au bois dormant|La Belle au bois dormant (opera)|La belle au bois dormant
Q681540	Rudolf	Rudolf|Rudolf: Afera Mayerling
Q681820	Le convenienze ed inconvenienze teatrali	Le convenienze ed inconvenienze teatrali|Le convenienze teatrali|Viva la Mamma!
Q683204	Bacchus	Bacchus|Bacchus (opera)|Baco
Q684721	Zémire et Azor	Zemira y Azor|Zemire et Azor|Zémire et Azor
Q685501	Lucrezia Borgia	Elisa Fosco|Elisa da Fosco|Lucrezia Borgia|Lukrecja Borgia|Lukrécie (opera)
Q686776	Armida	Armida
Q686861	Mamma Mia!	Mama Mia|Mama mia|Mamma Mia !|Mamma Mia!|Mamma mia|Mamma mía|Mamma mía!
Q687822	Iphigénie en Tauride	Ifigenia en Tauride|Ifigenia en Táuride|Ifigenia in Tauride|Ifigenia na Taurydzie|Ifigenie na Tauridě|Ifigenie v Tauridě|Iphigenie en Tauride|Iphigénie en Tauride|Ífigeneia v Tauridě
Q688562	Arminio	Arminio|Arminio (opera)|HWV 36
Q688711	Pippin	Corner of the Sky|Pippin
Q689441	Rienzi	Rienzi|Rienzi der Letzte der Tribunen|Rienzi, der Letzte der Tribunen|Rienzi, der letzte der Tribunen|Rienzi, l'ultimo dei tribuni|Rienzi, le dernier des Tribuns|Rienzi, poslední z tribunů
Q690606	Otto mesi in due ore	Otto mesi in due ore
Q690610	Kleider machen Leute	Kleider machen Leute
Q690835	Oberon	Oberon|Oberon (opera)|Oberon, or The Elf King's Oath|Oberón|Obéron
Q697950	Aroldo	Aroldo
Q701443	Elisabeth	Elisabeth|Elisabeth (musical)
Q707737	Euryanthe	Euryanta|Euryantha|Euryanthe
Q721575	Ascanio in Alba	Ascanio In Alba|Ascanio en Alba|Ascanio in Alba|Ascanio in Alba (Mozart)|Ascanio in alba|Ascanius v Albě|Askaniusz w Albie (KV 111)|K 111|K. 111|KV 111
Q723407	Salome	Salome|Salomè|Salomé
Q723559	Idomeneo	Idomeneo|Idomeneo re di Creta|Idomeneo, Re di Creta|Idomeneo, król Krety|Idomeneo, re di Creta|Idomeneo, re di Creta ossia Ilia e Idamante|Idomeneo, rey de Creta|Idomeneo, rè di Creta|Idomeneus|Idomeneusz, król Krety|Idomenoe, Rè di Creta|Idoménée|Idoménée, roi de Crète|K. 366|KV 366
Q723776	Orfeo ed Euridice	Orfeo ed Euridice|Orfeo ed Eurídice|Orfeo y Euridice|Orfeo y Eurídice|Orfeus a Eurydika|Orfeusz i Eurydyka|Orphee et Euridice|Orphee et Eurydice|Orpheus and Eurydice|Orpheus und Eurydike|Orphée et Euridice|Orphée et Eurydice
Q723941	Don Pasquale	Don Pasquale
Q724008	L'Orfeo	L'Orfeo|L'Orfeo favola in musica|L'Orfeo, SV 318|L'Orfeo, favola in musica|L'Orpheo|La fabula de Orfeo|La favola d'Orfeo|La fábula de Orfeo|L’Orfeo|L’Orpheo|Orfeo|Orfeo, SV 318|Orfeusz|Orpheus
Q727793	Don Quichotte	Don Quichotte|Don Quichotte (Massenet)|Don Quichotte (opera)|Don Quijote
Q727868	Gianni Schicchi	Gianni Schicchi|Il trittico
Q729568	La Fille du régiment	Córka pułku|Dcera pluku|Die Regimentstochter|La Figlia del Reggimento|La Fille du Regiment|La Fille du Régiment|La Fille du regiment|La Fille du régiment|La figlia del reggimento|La fille du regiment|La fille du régiment|La hija del regimiento|Marie, dcera pluku|The Daughter of the Regiment
Q729659	William Tell	Guglielmo Tell|Guglielmo Vallace|Guillaume Tell|Guillermo Tell|Obertura de Guillermo Tell|Vilém Tell|Wilhelm Tell|William Tell
Q729709	Rusalka	La Roussalka|La Rusalka|Rusalka|Russalka
Q729921	Maria de Rudenz	Maria de Rudenz
Q730336	La Périchole	La Perichole|La Périchole|La cantante e il dittatore|Perichola
Q731927	Elektra	Electra|Elektra|Elettra
Q732629	Œdipe à Colone	Edipo en Colono|Œdipe à Colone
Q732789	Maria di Rohan	Il conte di Chalais|Maria di Rohan
Q733538	Nerone	Neron|Nerone
Q733839	La vida breve	La Vida breve|La vida breve
Q734368	Der Opernball	Bal w operze|Der Opernball|The Opera Ball
Q734560	Le comte Ory	El conde Ory|Hrabě Ory|Il Conte Ory|Le Comte Ory|Le comte Ory
Q735643	Aspects of Love	Aspects of Love|Aspects of Love (Musical)
Q736134	Paganini	La ronda de las brujas|Paganini
Q736246	Owen Wingrave	Owen Windgrave|Owen Wingrave
Q736746	Paul Bunyan	Paul Bunyan
Q736979	Gentlemen Prefer Blondes	Blondinen bevorzugt|Gentlemen Prefer Blondes|Les hommes préfèrent les blondes
Q737975	Une éducation manquée	Une education manquee|Une éducation manquée
Q738771	Marie-Magdeleine	Marie-Magdeleine
Q738800	Pimpinone	Pimpinone|Pimpinone oder Die ungleiche Heirat
Q739021	Les deux aveugles	Die beiden Blinden|Dva slepci|Dva slepí|Les Deux Aveugles|Les deux aveugles|The Two Blind Men
Q740920	Porgy and Bess	Porgy & Bess|Porgy a Bess|Porgy and Bess|Porgy und Bess|Porgy y Bess
Q742234	Les aventures du roi Pausole	Die Abenteuer des Königs Pausole|Les Aventures du roi Pausole|Les aventures du roi Pausole
Q744693	Bluthochzeit	Bluthochzeit|Bodas de sangre|Noces de sang
Q745951	Faust	Faust|Fausto|Margarete|Margarethe
Q746646	Dido and Aeneas	Dido & Aeneas|Dido a Aeneas|Dido and Aeneas|Dido and Eneas|Dido and Æneas|Dido und Aeneas|Dido y Eneas|Didon et Enee|Didon et Enée|Didon et Énée|Didone ed Enea|Dydona i Eneasz
Q748501	Euridice	Euridice|Eurídice
Q748840	La Gioconda	Gioconda|La Gioconda|The Joyful Girl
Q749217	Francesca di Foix	Francesca di Foix
Q750057	Die Verschworenen	Der häusliche Krieg|Die Verschworenen|Die Verschwornen|Les Conjurés ou la guerre domestique|The Conspirators
Q750785	Le cinesi	Le Cinesi|Le Cinesi (Gluck)|Le cinesi
Q751371	Manon Lescaut	Manon Lescaut|Manon Lescaut (Auber)
Q751845	Pinotta	Pinotta
Q751851	Lodoletta	Lodoletta
Q751863	Zanetto	Zanetto
Q752211	Mlada	Mlada
Q752291	Astutuli	Astutuli|Astutuli, eine bairische Komödie
Q753123	La sonnambula	Die Schlafwandlerin|La Somnambule|La sonambula|La sonnambula|La sonámbula|Lunatyczka|Náměsíčná|Sleepwalkeress|The Sleepwalkeress
Q753152	Samson and Delilah	Samson a Dalila|Samson and Delilah|Samson et Dalila|Samson i Dalila|Samson und Dalila|Sanson y Dalila|Sansone e Dalila|Sansón y Dalila
Q753250	Chiara e Serafina	Chiara e Serafina|ossia Il pirata
Q753287	La vera costanza	Die wahre Beständigkeit|La vera costanza
Q753323	Le nozze in villa	I provinciali, ossia Le nozze in villa|Le nozze in villa
Q755439	Ugo, conte di Parigi	Hugo, Graf von Paris|Ugo conte di Parigi|Ugo, Conte di Parigi|Ugo, conte di Parigi
Q755445	Fausta	Fausta
Q756048	I pazzi per progetto	I pazzi per progetto
Q756150	Maria Padilla	Maria Padilla
Q757134	Giovanna d'Arco	Giovanna d'Arco|Jana z Arku|Joan of Ark|Joanna d'Arc|Johanka z Arku|Juana de Arco|Orietta di Lesbo
Q760054	Rise and Fall of the City of Mahagonny	Ascension y caida de la ciudad de Mahagonny|Ascension y caída de la ciudad de Mahagonny|Ascensión y caida de la ciudad de Mahagonny|Ascensión y caída de la ciudad de Mahagonny|Ascenso y caida de la ciudad de Mahagonny|Ascenso y caída de la ciudad de Mahagonny|Ascesa e caduta della città di Mahagonny|Aufstieg und Fall der Stadt Mahagonny|Aufstieg und fall der stadt mahagonny|Grandeur Et Décadence De La Ville De Mahagony|Grandeur et decadence de la ville de Mahagony|Grandeur et décadence de la ville de Mahagonny|Grandeur et décadence de la ville de Mahagony|Grandeur et décadence de la ville de Mahagony (Weill)|Grandeur et décadence de la ville de mahagony|Mahagonny|Rise and Fall of the City of Mahagonny|Rozkwit i upadek miasta Mahagonny|The rise and fall of the city of Mahagonny|Vzestup a pád města Mahagonny
Q761886	Peter Ibbetson	Peter Ibbetson|Peter Ibbetson (opera)
Q763758	Les brigands	Die Banditen|Les Brigands|Les Brigands (opéra bouffe)|Les brigands
Q766121	Richard Coeur-de-lion	Richard Coeur-de-lion|Richard Cœur de Lion|Richard Cœur-de-Lion|Richard cœur de Lion
Q767249	Rinaldo	Rinaldo
Q769086	Notre-Dame de Paris	Notre Dame de Paris|Notre-Dame de Paris|Zvoník u Matky Boží
Q769394	Suor Angelica	Il trittico|Sestra Angelika|Siostra Angelica|Suor Angelica|Sœur Angélique
Q769645	Rosmonda d'Inghilterra	Rosmonda d'Inghilterra|Rosmonda d’Inghilterra
Q770746	Margherita d'Anjou	Margherita d'Anjou|Margherita d’Anjou
Q771982	Orlando finto pazzo	Orlando finto pazzo
Q772829	Le roi Arthus	Le Roi Arthus|Le roi Arthus
Q773823	The Full Monty	Donaha!|The Full Monty|The Full Monty (musical)
Q775812	Treemonisha	Treemonisha
Q776107	Lakmé	Lakme|Lakmé
Q777578	Armida	Armida|Armida (opera Rossiniego)
Q777582	Armide	Armida|Armide
Q777727	From the House of the Dead	Aus einem Totenhaus|De la casa de los muertos|De la maison des morts|From the House of the Dead|Z mrtvého domu
Q778652	Parisina	Parisina
Q780331	Peter Grimes	Peter Grimes
Q781142	La romanziera e l'uomo nero	La romanzesca e l'uomo nero|La romanzesca e l’uomo nero|La romanziera e l'uomo nero
Q781525	Aureliano in Palmira	Aurelian w Palmirze|Aureliano in Palmira
Q784166	Iphigénie en Tauride	Ifigenia en Tauride|Ifigenia en Táuride|Ifigenia in Tauride|Iphigenie en Tauride|Iphigénie en Tauride
Q784719	L'Africaine	Afričanka|Afrykanka|Die Afrikanerin|L'Africaine|L'Africana|La Africana|La africana|L’Africaine
Q785347	La straniera	La Straniera|La extranjera|La straniera|Nieznajoma (opera)|Straniera
Q785509	L'italiana in Londra	L'italiana in Londra|The Italian Girl in London
Q785515	War and Peace	Guerra e pace|Guerra y paz|Guerre et Paix|Krieg und Frieden|War and Peace
Q785528	L'Olimpiade	L'Olimpiade|L'olimpiade|La olimpiada|L’olimpiade|Olimpiada
Q785557	The Maid of Orleans	Das Mädchen von Orléans|Die Jungfrau von Orléans|La Pucelle d'Orléans|La Pulzella d'Orléans|La doncella de Orleans|Orleanskaja deva|Panna orleánská|Panna orleánská (opera)|The Maid of Orleans|Орлеанская дева
Q785991	La finta giardiniera	Die Gärtnerin aus Liebe|Die sich verstellende Gärtnerin|Die verstellte Gärtnerin|Gärtnerin aus Liebe|K. 196|KV 196|La Finta Giardiniera|La Finta giardiniera|La finta giardiniera|La jardinera fingida|Rzekoma ogrodniczka|Sandrina's Secret|The Disguised Gardener's Girl|Zahradnice z lásky
Q786494	Il diluvio universale	Die Sintflut|Il diluvio universale
Q790583	Avenue Q	Avenida Q|Avenue Q|Avenue q
Q791268	Bastien und Bastienne	Bastian y Bastiana|Bastiano e Bastiana|Bastien Et Bastienne|Bastien a Bastienka|Bastien et Bastienne|Bastien et bastienne|Bastien i Bastienne|Bastien i Bastienne (KV 50)|Bastien und Bastienne|Bastien und bastienne|Bastián y Bastiana|K 50|K. 50/46b|KV 46b|KV 50
Q791658	Beatrice di Tenda	Beatrice di Tenda|Beatrice di tenda|Beatriz de Tenda|Beatrycze z Tendy
Q791661	Béatrice et Bénédict	Beatrice et Benedict|Beatrice et Benédict|Beatrice et Bénédict|Beatriz y Benedicto|Béatrice et Bénédict
Q792443	Belisario	Belisario
Q792643	Axur, re d'Ormus	Axur|Axur re d'Ormus|Axur, König von Hormus|Axur, Re d'Ormus|Axur, král ormuský|Axur, re d'Ormus|Axur, re d’Ormus|Axur, rey de Ormuz
Q794233	Betly, o sia La capanna svizzera	Betly|Betly, o La capanna svizzera|Betly, o sia La capanna svizzera|Betly, or The Swiss Chalet|La capanna svizzera
Q794524	Bianca e Falliero, o sia Il consiglio di tre	Bianca and Falliero, or The Counsel of Three|Bianca e Falliero|Bianca e Falliero, o sia Il consiglio di tre|Bianka i Falliero
Q794532	Bianca e Fernando	Bianca e Fernando|Bianca e Gernando|Bianca i Fernando|Bianca i Gernando|Bianka i Fernando|Bianka i Gernando
Q796988	Guys and Dolls	Blanches colombes et vilains messieurs|Guys and Dolls
Q797421	Ba-ta-clan	Ba-ta-clan
Q803767	Billy Budd	Billy Budd|Billy Budd, Op. 50
Q822967	The Passenger	Die Passagierin|La Passagère (opéra)|Pasażerka|Pasažérka|The Passenger|Пассажирка
Q822985	Neues vom Tage	Neues vom Tage|Noticias del dia|Noticias del día
Q827436	Giselle	Die Willis|Gisella oder die Willis|Giselle|Giselle ...|Giselle, or the Willis|Giselle, ou les Wilis|Giselle, ou les Willis|Gisèle|Gizelle|Les Wilis|Les Willis
Q830549	Evita	Evita
Q830581	Les Misérables	Bídníci|Les Mis|Les Miserables|Les Misérables|Les Miz|Les miserable|Les miserables|Los miserables|Nędznicy|les Miserables
Q831255	Rusalka	Roussalka|Rusalka|Rusałka|Ruszalka
Q832620	Das Dreimäderlhaus	Das Dreimäderlhaus|House of the Three Girls
Q833093	Penthesilea	Penthesilea
Q834218	Silvana	Silvana
Q837545	Lulu	Lulu|Lulu de Berg|Lulú|Lulú de Berg
Q838051	The Sleeping Beauty	Dornröschen|La Belle au bois dormant|La bella addormentata|La bella durmiente|La bella durmiente del bosque|Spiachtchaïa Krassavitsa|Spící krasavice|The Sleeping Beauty|Śpiąca królewna|Šípková Růženka|Спящая красавица
Q838597	Rita	Deux hommes et une femme|Rita|Rita oder Der geprügelte Ehemann|Rita ou Le Mari battu|Rita ou le Mari battu|Rita, o Il marito picchiato|Rita, ossia amare alla russa|Rita, ou Le mari battu
Q838909	The White-haired Girl	La Fille aux cheveux blancs|The White Haired Girl|The White-Haired Girl|The White-haired Girl|White Haired Girl
Q839622	Die Dollarprinzessin	Die Dollarprinzessin|Księżniczka dolara|La princesa de los dollars|La princesa del dollar|Mary, la princesa del dólar|Princesitas del dollar
Q841406	Die Königin von Saba	Die Königin von Saba|La Reina de Saba|La Reine de Saba|La regina di Saba
Q842063	Manon	Manon
Q842761	Lady, Be Good!	Lady Be Good|Lady, Be Good|Lady, Be Good!
Q843042	Mireille	Mireille
Q843284	Chess	Chess|Šachy
Q844126	Salammbô	Il libico|Salammbo|Salammbô
Q844406	The Bassarids	Die Bassariden|Las bacantes|Le Bassaridi|The Bassarids
Q844550	Ein Walzertraum	Czar walca|Ein Walzertraum|Sogno d'un valzer
Q845556	La rondine	Die Schwalbe|Jaskółka|L'Hirondelle|La rondine|Vlaštovka
Q845606	Le Villi	Die Willis|Le Villi|Le Willis|Les Willis|Víly|Willidy|Wiły
Q845656	La lettera anonima	La lettera anonima
Q845828	Una follia	Una follia
Q845843	Hans Heiling	Hans Heiling
Q846285	Gianni di Parigi	Gianni di Parigi
Q846289	Imelda de' Lambertazzi	Imelda de' Lambertazzi|Imelda de’ Lambertazzi
Q846432	The Pajama Game	The Pajama Game
Q846737	L'assedio di Calais	L'assedio di Calais|L’assedio di Calais|The Siege of Calais
Q846809	Dom Sébastien	Dom Sebastien|Dom Sébastien|Dom Sébastien, roi de Portugal|Don Sebastián, rey de Portugal|Don Sébastien
Q847087	Sancia di Castiglia	Sancia di Castiglia
Q847229	Der Silbersee	Der Silbersee|Der Silbersee - Ein Wintermärchen|Der Silbersee, ein Wintermärchen|Silbersee - Ein Wintermärchen|Stříbrné jezero
Q850314	Il signor Bruschino	Il figlio per azzardo|Il signor Bruschino|Signor Bruschino
Q853078	Bánk bán	Ban Bánk|Bank Ban|Bank ban|Bánk Bán|Bánk bán
Q853410	Bezauberndes Fräulein	Bezauberndes Fräulein|Charmante mademoiselle|Okouzlující slečna|Rozkoszna dziewczyna|The Charming Young Lady
Q856013	Taking Tiger Mountain by Strategy	Mit taktischem Geschick den Tigerberg erobert|Taking Tiger Mountain by Strategy
Q859034	Caterina Cornaro	Caterina Cornaro
Q860474	Festival of the Lion King	Festival of the Lion King
Q862709	A Funny Thing Happened on the Way to the Forum	A Funny Thing Happened on the Way to the Forum|Golfus de Roma|Le Forum en folie
Q875563	Giulio Cesare in Egitto	Giulio Cesare|Giulio Cesare in Egitto|HWV 17|Jules César en Égypte|Julio Cesar|Julio Cesar en Egipto|Julio César|Julio César en Egipto|Julio César en Egipto (Händel)|Julius Caesar v Egyptě|Julius Ceasar in Egypt|Julius Cäsar in Ägypten|Juliusz Cezar
Q885100	Blood Brothers	Blood Brothers|Hermanos de sangre|Pokrevní bratři
Q887687	La statue	La Statue|La statue|Statua
Q888981	Boccaccio	Boccaccio|Boccaccio (operetta)|Boccaccio (ópera)|Boccaccio, oder Der Prinz von Palermo|Der Prinz von Palermo
Q898577	Eduardo e Cristina	Eduardo e Cristina|Edward i Krystyna
Q898892	Ricciardo e Zoraide	Ricardo y Zoraida|Ricciardo e Zoraide|Ricciardo i Zoraida
Q899440	Le Cid	Cid|El Cid|Le Cid
Q900225	The Tsar's Bride	Carská nevěsta|Die Braut des Zaren|Die Zarenbraut|La Fiancee du tsar|La Fiancée Du Tsar|La Fiancée du Tsar|La Fiancée du tsar|La fiancée du Tsar|La fiancée du tsar|La fidanzata dello zar|La novia del zar|The Tsar's Bride|Zarskaja newesta|Царская невеста
Q900744	Semiramide	Rossini: Semiramide|Semiramide|Semiramis|Sémiramide|Sémiramis
Q901838	Gloriana	Gloriana
Q902040	L'incoronazione di Dario	Incoronazione di Dario|L'incoronazione di Dario|L’incoronazione di Dario|RV 719
Q904066	L'étoile du nord	Der Nordstern|L'Étoile du Nord|L'étoile du nord|La estrella del Norte|L’étoile du nord|Polárka|Severka|Severní hvězda (opera)
Q905691	Lord of the Rings	El Señor de los Anillos|Herr der Ringe-Musical|Il Signore degli Anelli|Le Seigneur des anneaux|Lord of the Rings
Q906500	Leben des Orest	Leben des Orest
Q907047	Il ritorno d'Ulisse in patria	Die Heimkehr des Odysseus|El regreso de Ulises|El regreso de Ulises a la patria|Il ritorno d'Ulisse|Il ritorno d'Ulisse in patria|Il ritorno di Ulisse in patria|Il ritorno d’Ulisse in patria|Le Retour d'Ulysse dans sa patrie|Odyseův návrat do vlasti|Powrót Ulissesa do ojczyzny|Return of Ulysses to his Homeland|Ritorno d'Ulisse in patria|SV 325|The Return of Ulysses to his Homeland
Q907735	The Love for Three Oranges	Die Liebe zu den drei Orangen|El amor de las tres naranjas|L'Amour des trois oranges|L'amore delle tre melarance|L'amour des trois oranges|Lioubov k triom apelsinam|Ljubov k trjom apelsinam|Ljubow k trjom apelsinam|Láska ke třem pomerančům|Miłość do trzech pomarańczy|The Love for Three Oranges
Q907745	The Bartered Bride	Die verkaufte Braut|La Fiancée vendue|La novia vendida|La sposa venduta|Prodana nevesta|Prodanà nevesta|Prodaná nevĕsta|Prodaná nevěsta|Sprzedana narzeczona|The Bartered Bride|Verkaufte Braut
Q907855	Intolleranza 1960	Intolleranza 1960
Q907976	Der Corregidor	Der Corregidor|El corregidor
Q908276	Silvano	Silvano
Q908548	Don Sanche	Don Sanche|Don Sanche ou Le château d’amour|Don Sanche ou le château d’amour
Q910567	Sadko	Sadko|Sadkó
Q910595	Orlando paladino	Orlando Paladino|Orlando paladino|Ritter Roland
Q910843	Nina	Nina|Nina o sia la pazza per amore|Nina ossia la pazza per amore|Nina, o sia La pazza per amore|Nina, o sia la pazza per amore
Q911022	Zoraida di Granata	Zoraida di Granata|Zoraide di Granata|Zoraïda di Granata
Q911443	Tancredi	Tancredi|Tancrède|Tankred
Q911906	The Little Mermaid (musical)	La Petite Sirène (musical)|La Sirenetta (musical)|La sirenita (musical)|Little Mermaid|Petite Sirène|Sirenetta|The Little Mermaid|The Little Mermaid (musical)
Q912017	Djamileh	Djamileh|Džamilé
Q913519	Der Rauchfangkehrer	Der Rauchfangkehrer
Q913934	Gemma di Vergy	Gemma di Vergy
Q913985	Once on This Island	Once on This Island|Una vez en esta isla
Q914134	Gabriella di Vergy	Gabriella di Vergy
Q914165	Marino Faliero	Marin Faliero|Marino Faliero
Q914332	Jérusalem	Gerusalemme|Jerusalem|Jerusalen|Jerusalén|Jérusalem
Q915455	Volo di notte	Volo di notte
Q916632	Le faucon	Le Faucon|Le faucon|Sokil|Sokoł
Q917109	König Hirsch	El rey ciervo|König Hirsch
Q917711	Khovanshchina	Chovanština|Chovanščina|Chowanschtschina|Chowańszczyzna|Die Fürsten Chowanski|Jovanschina|Jovánschina|Khovanchtchina|Khovanshchina|Khovantchina|Kovancina|La Khovanchtchina|La Khovantchina
Q918714	Roméo et Juliete	Romeo a Julie|Romeo e Giulietta|Romeo et Juliette|Romeo i Julia|Romeo y Julieta|Romeo y Julieta de Gounod|Roméo et Juliete|Roméo et Juliette
Q920668	Gustave III	Gustave III|Gustave III, ou Le Bal masqué|Gustave III.|Gustave III. ou Le bal masque|Gustave III. ou Le bal masqué
Q922043	Arlecchino	Arlecchino|Arlecchino o las ventanas|Arlecchino oder Die Fenster, Op. 50|Arlecchino, oder Die Fenster. Ein theatralisches Capriccio|Die Fenster
Q923031	Ottone in villa	Ottone in Villa|Ottone in villa|RV 729|RV 729-A|RV 729-B
Q924458	Starmania	Starmania
Q925332	Otello	Il moro di Venezia|Otello|Otello (Rossini)|Otelo|Othello|Othello aneb Maur benátský
Q926468	Werther	Werther
Q927503	Aleko	Aleko
Q930452	Il gran Tamerlano	Der große Tamerlan|Il gran Tamerlano|Tamerlán
Q931054	Le portrait de Manon	Das Bildnis der Manon|El retrato de Manon|Le Portrait de Manon|Le portrait de Manon
Q931771	The Portrait	Das Portrait|El retrato|Le Portrait|Portrét|The Portrait
Q932030	Isabeau	Isabeau
Q932131	Demetrio e Polibio	Demetrio e Polibio|Demetrio y Polibio|Demetriusz i Polibiusz|Démétrios et Polybe
Q934775	Il sogno di Scipione	Il sogno di Scipione|K. 126|Scipionův sen|Sen Scypiona|The Dream of Scipio
Q934976	Fennimore and Gerda	Fennimore and Gerda|Fennimore und Gerda|Fennimore y Gerda
Q935308	Ciro in Babilonia	Ciro in Babilonia|Cyrus w Babilonii|La caduta di Baldassarre
Q935669	Mefistofele	Mefistofele|Mefistofeles|Mefistófeles
Q936667	L'equivoco stravagante	Dziwaczne nieporozumienie|L'equivoco stravagante|L’equivoco stravagante|Podivné nedorozumění|Podivný omyl
Q936702	Ermione	Ermione|Hermiona (opera)
Q939143	Spamalot	Monty Python's Spamalot|Monty Python’s Spamalot|Spamalot
Q939433	The Devils of Loudun	Diabły z Loudun|Die Teufel von Loudun|I diavoli di Loudun|Les Diables de Loudun|Los demonios de Loudun|The Devils of Loudun
Q940341	Oreste	Oreste
Q941022	Antigona	Antigona|Antigona (Traetta)|Antígona
Q943913	Lucio Silla	K. 135|KV 135|Lucio Sila|Lucio Silla|Lucius Silla
Q944884	Friederike	Friederike|Fryderyka
Q946102	Il curioso indiscreto	Il curioso indiscreto
Q946701	Orlando	HWV 31|Orlando|Orlando (opera)
Q948566	Lear	Lear
Q950119	Whistle Down the Wind	Whistle Down the Wind
Q950267	La fausse esclave	La Fausse Esclave|La fausse esclave
Q952616	Die Harmonie der Welt	Armonia del mundo|Armonía del mundo|Die Harmonie der Welt|Harmonie světa|L'Harmonie du monde|The Harmony of the World
Q953293	I Was Looking at the Ceiling and Then I Saw the Sky	I Was Looking at the Ceiling and Then I Saw the Sky
Q953502	Giustino	Giustino
Q954048	Partenope	Partenope
Q957377	Genoveva	Genoveva|Jenovéfa
Q957939	Frasquita	Frasquita
Q959242	Les cloches de Corneville	Dzwony kornewilskie|Le campane di Corneville|Les Cloches de Corneville|Les cloches de Corneville|The Chimes of Normandy
Q959579	Fame	Fama|Fame
Q960969	Sarolta	Sarolta
Q962414	Metro	Metro
Q963720	Il figliuol prodigo	El hijo prodigo|El hijo pródigo|Il figliuol prodigo
Q964153	Il più bel nome	Il piu bel nome|Il più bel nome
Q966299	Nozze istriane	Nozze istriane
Q967946	Cyrano de Bergerac	Cyrano de Bergerac|Cyrano di Bergerac|Cyrano z Bergeracu
Q972277	Les deux journées, ou Le porteur de l'eau	Cherubini, Luigi, 1760-1842. Due giornate|Cherubini, Luigi, 1760-1842. Porteur d'eau|Cherubini, Luigi, 1760-1842. Two days|Cherubini, Luigi, 1760-1842. Wasserträger|Cherubini, Luigi, 1760-1842. Water carrier|Der Wasserträger|Die beiden Reisen|Die beiden gefahrvollen Tage|Graf Armand|Las dos jornadas|Le due giornate|Les Deux Journées|Les deux journées|Les deux journées, ou Le porteur de l'eau|Portatore d'acqua|The Two Days, or The Water Carrier
Q972350	Julie	Julie
Q972539	Thespis	Thespis|Thespis (ópera)
Q972695	Le donne curiose	Die neugierigen Frauen|Le donne curiose|The Inquisitive Women
Q973780	La dame blanche	Biała dama|Bílá paní (opera)|La Dame blanche|La dama blanca|La dame blanche
Q974534	Pia de' Tolomei	Pia de' Tolomei|Pia de’ Tolomei
Q984983	La bohème	Cyganeria|La Bohème|La boheme|La bohème
Q989156	Elvida	Elvida
Q992176	Bruder Straubinger	Bruder Straubinger
Q1000168	Mozart!	Mozart|Mozart!
Q1018439	By Jeeves	By Jeeves|Jeeves|Jeeves (Musical)
Q1018482	Bye Bye Birdie	Bye Bye Birdie
Q1022513	The Sound of Music	Dźwięki muzyki|La Mélodie du bonheur|La novicia rebelde|Sonrisas y lagrimas|Sonrisas y lágrimas|The Sound of Music|Za zvuků hudby
Q1024739	Cabaret	Cabaret|Kabaret
Q1025301	Cadmus et Hermione	Cadmo ed Ermione|Cadmo y Harmonia|Cadmo y Harmonía|Cadmus et Hermione|Kadmos a Harmonie
Q1025735	Cagliostro in Wien	Cagliostro in Wien
Q1027779	Victory over the Sun	La victoire sur le soleil|La vittoria sul Sole|La vittoria sul sole|Pobeda nad solntsem|Sieg über die Sonne|Victoire sur le soleil|Victoria sobre el sol|Victory over the Sun|Vittoria sul Sole|Vittoria sul sole
Q1028221	Griselda	Griselda|Griselda (opera)|Griselda, RV 718|La Griselda|RV 718
Q1028491	Camelot	Camelot
Q1032199	Si j'étais roi	Kdybych byl králem|Si j'étais roi|Wenn ich König wär'|Wenn ich König wär’
Q1033015	Candide	Candide|Candide (musical)
Q1034949	Capriccio	Capriccio|Capriccio (opera)
Q1037479	Il mondo della luna	Die Welt auf dem Mond|Die Welt auf dem Monde|Il mondo della luna|Księżycowy świat
Q1038427	Sigismondo	Sigismondo|Zygmunt
Q1038840	Mozart and Salieri	Mozart a Salieri|Mozart and Salieri|Mozart e Salieri|Mozart et Salieri|Mozart i Salieri|Mozart und Salieri|Mozart y Salieri|Моцарт и Сальери
Q1038931	The Legend of the Invisible City of Kitezh and the Maiden Fevroniya	Die Legende von der unsichtbaren Stadt Kitesch und von der Jungfrau Fewronija|Kitège|La Legende de la ville invisible de Kitege et de la demoiselle Fevronia|La Légende de la ville invisible de Kitège|La Légende de la ville invisible de Kitège et de la demoiselle Fevronia|La ciudad invisible de Kitege|La leggenda dell'invisibile città di Kitež e della fanciulla Fevronija|Legenda o neviditelném městě Kitěži a panně Fevronii|Opowieść o niewidzialnym grodzie Kitieżu i dziewicy Fiewronii|Pověst o neviditelném městě Kitěži a panně Fevronii|Skasanije o newidimom grade Kitesche i dewe Fewronii|Skazanie o nevidimom grade Kiteje i deve Fevroni|The Legend of the Invisible City of Kitezh and the Maiden Fevroniya|Сказание о невидимом граде Китеже и деве Февронии
Q1039069	The Snow Maiden	La doncella de nieve|Schneeflöckchen|Sneguročka|Snégourotchka|Sněhurka|The Snow Maiden|Śnieżka
Q1039890	Alfredo il Grande	Alfredo il Grande
Q1040611	Olivo e Pasquale	Olivo e Pasquale
Q1043372	Iolanta	Iolanta|Jolanta|Jolanthe|Yolande|Иоланта
Q1044703	Carousel	Carousel
Q1046495	Alceste	Alcesta|Alceste|Alcestes
Q1049784	Castor et Pollux	Castor and Pollux|Castor et Pollux|Castor und Pollux|Cástor y Pólux|Kastor i Polluks (opera)
Q1050075	Zelmira	Zelmira
Q1050791	Torvaldo e Dorliska	Torvaldo e Dorliska|Torvaldo i Dorliska
Q1051191	L'inganno felice	Die Getäuschten|Die glückliche List|Die glückliche Täuschung|Heureux stratagème|L'inganno felice|La Tromperie heureuse|L’inganno felice|Szczęśliwe oszukanie|Štěstí v neštěstí|Šťastný smolař
Q1051695	We Will Rock You	We Will Rock You|We Will Rock You- Musical
Q1053009	Edipo re	Edipo Re|Edipo re
Q1058759	Spider-Man: Turn Off the Dark	Spider-Man: Turn Off the Dark|Spider-Man: Turn Off the Dark Cast Lists
Q1062427	Le Grand Macabre	El gran macabro|Le Grand Macabre
Q1064667	Il Pigmalione	Il Pigmalione|Pigmalion|Pigmalione|Pigmalión
Q1064850	The Book of Mormon	Book of Mormon|Księga Mormona|The Book of Mormon
Q1065331	Charles Levadé	Charles Levade|Charles Levadé|Charles Lévadé|Charles-Gaston Levade|Charles-Gaston Levadé|Levadé
Q1069133	Serse	HWV 40|Handel's Serse|Handel's Xerxes|Serse|Serse, HWV 40|Xerxes|Xerxes, HWV 40
Q1071307	I Capuleti e i Montecchi	Capuleti i Montecchi|Capuletos y Montescos|I Capuleti e i Montecchi|I Capuleti ed i Montecchi|I capuleti e i montecchi|Les Capulet et les Montaigu|Romeo e Giulietta
Q1071310	Robert le diable	Il Roberto di Piccardia|Riccardo di Piccardia|Robert Diabeł|Robert der Teufel|Robert le Diable|Robert le diable|Robert the Devil|Robert ďábel|Roberto el diablo|Roberto il diavolo
Q1074321	Dance of the Vampires	Dance of the Vampires|Le Bal des vampires|Taniec Wampirów|Tanz der Vampire
Q1077931	Matilde di Shabran	Bellezza e cuor di ferro|Matilde Shabran|Matilde di Shabran
Q1080141	Industrial Symphony No. 1	Industrial Symphony No. 1|Industrial Symphony No. 1: The Dream of the Broken Hearted|Industrial Symphony No. 1: The Dream of the Brokenhearted|Symfonia przemysłowa nr 1
Q1081440	Mazeppa	Masepa|Mazepa|Mazeppa|Мазепа
Q1087929	The Tale of Tsar Saltan	Bajka o carze Sałtanie|Bajka o carze Sałtanie, jego synu, sławnym i potężnym bohaterze księciu Gwidonie Sałtanowiczu i o pęknej Księżniczce-Łabędziu,|Das Märchen vom Zaren Saltan|Das Märchen vom Zaren Saltan, von seinem Sohn, dem ruhmreichen und mächtigen Recken Fürst Gwidon Saltanowitsch, und von der wunderschönen Schwanenzarefna|El Zar Saltan|El Zar Saltán|El cuento del zar Saltan|El cuento del zar Saltán|La favola dello zar Saltan|La fiaba dello zar Saltan|Le Conte du tsar Saltan|Pohádka o caru Saltánovi|Skaska o zare Saltane|Skazka o tsare Saltane|The Tale of Tsar Saltan
Q1089530	Il Sant'Alessio	Il S. Alessio|Il Sant'Alessio|Il Sant’Alessio|San Alessio|Sant'Alessio|Sant’Alessio
Q1091101	Princess Ida	Princess Ida
Q1091683	Ruddigore	Ruddigore|Ruddygore|The Witch's Curse
Q1091750	Prométhée	Prometeo|Promethee|Prometheus|Prométhée
Q1093081	L'Amour de loin	L'Amour de loin|L'amour de loin|Liebe aus der Ferne|Love from afar|Láska zdaleka|L’amour de loin
Q1099668	Hänsel und Gretel	Hansel and Gretel|Hansel y Gretel|Hänsel e Gretel|Hänsel und Gretel|Jaś i Małgosia|Perníková chaloupka
Q1117683	1000 Airplanes on the Roof	1000 Airplanes on the Roof
Q1117908	Lodoïska	Lodoiska|Lodoïska
Q1118131	Orfeo	Orfeo
Q1118244	Into the Woods	Into the Woods
Q1123627	Solomon	HWV 67|Salomon|Salomón|Solomon|Solomon (Handel)|Solomon (oratorio)
Q1126880	Faust	Faust|Fausto
Q1127091	Rappresentatione di Anima, et di Corpo	Das Spiel von Seele und Körper|Das Spiel von Seele und Leib|Rappresentatione di Anima e di Corpo|Rappresentatione di Anima et di Corpo|Rappresentatione di Anima, et di Corpo|Rappresentatione di anima et di corpo|Rappresentazione di Anima|Rappresentazione di Anima, e di Corpo
Q1130637	Le violoneux	Die Zaubergeige|Le Violoneux|Le violoneux|Skrzypce czarodziejskie|Čarovné housle|Šumař
Q1131868	L'impresario in angustie	L'impresario in angustie|L’impresario in angustie
Q1133487	Fernand Cortez	Fernand Cortez|Fernando Cortez|Hernan Cortes|Hernán Cortés
Q1133994	Catone in Utica	Caton en Utica|Catone in Utica|Catón en Útica|RV 705
Q1136482	Ginevra di Scozia	Ginevra di Scozia|Ginevra von Schottland
Q1137065	Orpheus in the Underworld	Orfeo all'inferno|Orfeo en los infiernos|Orfeus v podsvětí|Orfeusz w piekle|Orphee aux Enfers|Orphee aux enfers|Orpheus in der Unterwelt|Orpheus in the Underworld|Orphée aux Enfers|Orphée aux enfers
Q1140351	Sly	La leggenda del dormiente risvegliato|Sly|Sly ovvero La leggenda del dormiente risvegliato
Q1140966	Dreamgirls	Dreamgirls
Q1142221	The Makropulos Affair	Affaire Makropoulos|Die Sache Makropulos|El caso Makropulos|L'Affaire Makropoulos|L'affare Makropulos|Le Procès Makropoulos|Le Secret Makropoulos|The Makropulos Affair|The Makropulos Case|Vec Makropulos|Več Makropulos|Věc Makropulos
Q1143019	Die Frau ohne Schatten	Die Frau ohne Schatten|Frau ohne Schatten|Kobieta bez cienia|La Femme sans ombre|La donna senz'ombra|La mujer sin sombra|Žena beze stínu
Q1143982	Flavio	Flavio|Flavio, King of the Lombards|Flavio, Re de' Langobardi|Flavio, Re de’ Langobardi|Flavio, re de' Longobardi|HWV 16
Q1144467	Thaïs	Thais|Thaïs
Q1144992	La damnation de Faust	Damnation de Faust|Fausts Verdammnis|Hector Berlioz|La Damnation de Faust|La condenacion de Fausto|La condenación de Fausto|La damnation de Faust|La dannazione di Faust|La maldicion de Fausto|La maldición de Fausto|Potępienie Fausta
Q1146114	Sophisticated Ladies	Sophisticated Ladies
Q1146264	Joseph and the Amazing Technicolor Dreamcoat	Josef a jeho úžasný pestrobarevný plášť|Joseph and the Amazing Technicolor Dreamcoat|Józef i cudowny płaszcz snów w technikolorze|Yosef y su Sorprendente Manto de Suenos en Tecnicolor|Yosef y su Sorprendente Manto de Sueños en Tecnicolor
Q1146706	Nixon in China	Nixon en China|Nixon in China|Nixon v Číně
Q1150275	Les Dix Commandements	I dieci comandamenti|Les Dix Commandements|Les Dix Commandements - La Comédie musicale
Q1150327	Marie Antoinette	Marie Antoinette
Q1152497	Moïse et Pharaon	Moise et Pharaon|Moise et Pharaon ou le Passage de la mer Rouge|Mosè in Egitto|Moïse et Pharaon|Moïse et Pharaon, ou Le passage de la Mer Rouge
Q1152704	La buona figliuola	Das gute Mädchen|La Cecchina|La Cecchina ossia La buona figliuola|La Cecchina, ossia La buona figliuola|La buona figliola|La buona figliuola|La cecchina ossia la buona figliuola
Q1153606	La rose de Saint-Flour	La Rose de Saint-Flour|La rose de Saint-Flour|Růže ze Saint-Flouru
Q1154655	Croquefer, ou Le dernier des paladins	Chrupželezo|Croquefer|Croquefer, ou Le dernier des paladins|Croquefer, ou le Dernier des paladins|Le dernier des paladins|Rytíř Chrupželezo aneb Poslední z paladinů
Q1157102	Atenaide	Atenaide|L'Atenaide|RV 702|RV 702-A|RV 702-B|RV 702a|RV 702b
Q1157165	Il cappello di paglia di Firenze	Der Florentiner Hut|Der Florentiner Strohhut|Der Florentinerhut|El sombrero de paja de Florencia|Il cappello di paglia di Firenze
Q1157925	Dalibor	Dalibor|Dálibor
Q1158684	Damn Yankees	Damn Yankees|Fußballfieber
Q1159250	The Gay Hussars	Ein Herbstmanöver|Guerra franca|Los húsares del kaiser|Manewry jesienne|Maniobras de otoño|Maniobras militares|Manovre d'autunno|Tatárjárás|The Gay Hussars
Q1161570	Phantom of the Opera	Ken Hill's Phantom of the Opera|Ken Hill's The Phantom of the Opera|Phantom of the Opera
Q1163839	Giulio Sabino	Giulio Sabino|Julio Sabino|Julius Sabinus
Q1163873	Giannina e Bernardone	Giannina e Bernardone
Q1164043	The Hunchback of Notre Dame	Der Glöckner von Notre Dame|The Hunchback of Notre Dame
Q1165067	Danton's Death	Danton's Death|Dantons Tod|La Mort de Danton
Q1165496	Daphne	Dafne|Dafne (opera Straussa)|Daphne|Daphne, Op. 80|Daphné
Q1165499	Hair	Hair|Hair: The American Tribal Love-Rock Musical|Let the Sunshine|MacDermot, Galt, 1928- Don Kirshner cuts Hair|MacDermot, Galt, 1928- Hair|Vlasy
Q1165501	Il burbero di buon cuore	Il burbero di buon cuore
Q1167948	The Secret	Das Geheimnis|El secreto|El secreto (opera)|Tajemstvi|Tajemství|Tajemství (ópera)|The Secret
Q1168413	Falstaff	Falstaff|Falstaff ossia Le tre burle
Q1169743	The Medium	Das Medium|La Medium|La medium|La médium|Medium|The Medium|The medium
Q1170527	The Telephone	Das Telefon|Das Telefon oder Die Liebe zu dritt|Das Telephon|El teléfono (ópera)|Il telefono|L'Amour à trois|L'amour à trois|Le Téléphone|Telefon|Telefon aneb láska ve třech|The Telephone|The Telephone or L'amour a trois|The Telephone or L'amour à trois|The Telephone, or L'Amour a trois|The Telephone, or L'Amour à trois|The Telephone, or L'amour à trois|The telephone
Q1171529	The Scarlet Pimpernel	Das scharlachrote Siegel (Musical)|The Scarlet Pimpernel
Q1171538	The Cunning Little Vixen	Das schlaue Füchslein|La Petite Renarde Rusée|La Petite Renarde rusee|La Petite Renarde rusée|La Petite Renarde rusée (Janáček)|La petite renarde rusée|La piccola volpe astuta|La zorra astuta|La zorrita astuta|Przygody Lisiczki Chytruski|Příhody lišky Bystoušky|Příhody lišky Bystroušky|Příhody lišky bystroušky|The Cunning Little Vixen
Q1176051	Merlin	Merlin|Merlín
Q1183179	Deidamia	Deidamia|Deidamía|HWV 42
Q1191054	Les Boréades	Abaris|Les Boreades|Les Boréades|Rameau, Jean Philippe, 1683-1764. Abaris|Rameau, Jean Philippe, 1683-1764. Abaris, ou, Les Boreades|Rameau, Jean Philippe, 1683-1764. Boreaden
Q1192391	The Barber of Seville	Barber of Seville|Der Barbier von Sevilla|El barbero de Sevilla|Il barbiere di Siviglia|Il barbiere di Siviglia, ovvero La precauzione inutile|Le precauzioni inutili|The Barber of Seville|The Barber of Seville, or The Useless Precaution
Q1192509	Der Bettelstudent	Der Bettelstudent|El estudiante mendigo|El estudiante pobre|L'Étudiant pauvre|L'étudiant pauvre|The Beggar Student
Q1192994	Tenimyu	Tenimyu
Q1193192	Der Evangelimann	Der Evangelimann|Evangelimann
Q1194082	Der Göttergatte	Boski małżonek|Božský manžel|Der Göttergatte
Q1194594	The Jacobin	Der Jakobiner|El jacobino|Jakobin|Jakobin op. 84|Jakobín|The Jacobin
Q1194602	Der Jasager	Celui qui dit oui, celui qui dit non|Der Ja-Sager|Der Jasager|Jasager
Q1195062	The Kiss	Der Kuss|Der Kuß|Hajej, můj andílku|Hubička|Il bacio|Le Baiser|The Kiss
Q1195083	Der König Kandaules	Der König Kandaules|El rey Candaules|King Candaules|König Kandaules|Le Roi Candaule
Q1195106	The Lion King	Der König der Löwen|El rey leon|El rey león|Il Re Leone|Il re leone musical|Król lew|Król lew: Musical|Le Roi Lion|Le Roi lion|Le roi lion|Lion King musical|Lion King the musical|Lví král|The Lion King|The Lion King (musical)|The Lion King Musical
Q1195818	The Mikado	Der Mikado|El Mikado|El mikado|Mikado (operetka)|The Mikado|Three Little Maids from School
Q1196062	Der Obersteiger	Der Obersteiger|The Mine Foreman
Q1196490	Der Revisor	Der Revisor|Le Revizor|Revizor
Q1196664	Der Schatzgräber	Der Schatzgräber|Le Chercheur de trésors
Q1196783	Jenůfa	Její pastorkyňa|Jenufa|Jenůfa
Q1197011	The Gambler	Der Spieler|El jugador|Il giocatore|Le Joueur|The Gambler|Игрок
Q1197132	Der Stein der Weisen	Der Stein der Weisen|Die Zauberinsel|La pietra filosofale
Q1197145	L'étoile	Das Horoskop des Königs|Der Stern|L'Étoile|L'étoile|L'étoile (ópera)|L’étoile|Sein Stern
Q1197244	H.M.S. Pinafore	H M S Pinafore|H. M. S. Pinafore|H.M.S. Pinafore|H.M.S. Pinafore; or, The Lass That Loved a Sailor|HMS Pinafore|Pinafore|The Lass That Loved a Sailor|that infernal nonsense Pinafore
Q1197340	Der Templer und die Jüdin	Der Templer und die Jüdin
Q1197601	Der Traumgörge	Der Traumgörge|Traumgörge
Q1197836	The Cousin from Nowhere (operetta)	Bratránek z Batávie|Der Vetter aus Dingsda|Der Vetter aus Dingsda (operetta)|El primo de las Indias|The Cousin from Nowhere (operetta)
Q1197853	Der Vogelhändler	Der Vogelhändler|El pajarero|Ptasznik z Tyrolu|Ptáčník|Vogelhändler
Q1197876	Der Waffenschmied	Der Waffenschmied
Q1197886	Der Wald	Der Wald
Q1198062	Der Widerspenstigen Zähmung	Der Widerspenstigen Zähmung|Der Widerspänstigen Zähmung|La Mégère apprivoisée
Q1198199	Der Zigeunerprimas	Der Zigeunerprimas|Der Zigeunerprimas (Operette)
Q1198242	Der Zwerg	Der Zwerg|El enano
Q1198302	Le pauvre matelot	El pobre marinero|Le Pauvre Matelot|Le pauvre matelot
Q1198586	Der ferne Klang	Der ferne Klang|Vzdálený zvuk
Q1198590	The Merry Farmer	Der fidele Bauer|The Merry Farmer|Wesoły chłop
Q1199246	Little Shop of Horrors	Der kleine Horrorladen|Kvítek z hororu|Kvítek z horroru|La Piccola Bottega degli orrori (musical)|La piccola bottega degli orrori|Little Shop Of Horrors|Little Shop of Horrors|Little Shop of Horrors (musical)
Q1199437	Der lustige Krieg	Der lustige Krieg|Guerra alegre|Wesoła wojna
Q1208527	Dialogues of the Carmelites	Dialogi karmelitanek|Dialogos de carmelitas|Dialogos de carmelitas (opera)|Dialogos de carmelitas (ópera)|Dialogue des Carmélites|Dialogues de Carmelites|Dialogues de Carmélites|Dialogues de carmelites|Dialogues des Carmelites|Dialogues des Carmélites|Dialogues des carmelites|Dialogues des carmélites|Dialogues of the Carmelites|Dialogy karmelitek|Dialogy karmelitánek|Diálogos de carmelitas|Diálogos de carmelitas (opera)|Gespräche der Karmelitinnen|I dialoghi delle Carmelitane|Les Dialogues de carmelites|Les Dialogues des Carmelites|Les Dialogues des Carmélites|Les dialogues des carmélites
Q1211665	The Flower of Hawaii	Die Blume von Hawaii|Fleur d'Hawaï|Il Fiore delle Hawaii|Kwiat Hawajów|La flor de Hawai|La flor de Hawaii|La flor de Hawái|The Flower of Hawaii
Q1211710	The Brandenburgers in Bohemia	Braniboři v Čechách|Die Brandenburger in Böhmen|Los Brandenburgueses en Bohemia|Los brandeburgueses en Bohemia|Los brandenburgueses en Bohemia|Los brandenburgueses en bohemia|The Brandenburgers in Bohemia
Q1211850	Die Bürgschaft	Die Bürgschaft|The Pledge
Q1212026	Gräfin Dubarry	Gräfin Dubarry|La comtesse Dubarry
Q1212817	Die Försterchristl	Die Försterchristl|Die Försterchristl (Operette)
Q1212880	The Geisha	Die Geisha (Operette)|La geisha|The Geisha
Q1212967	The Story of a Real Man	Die Geschichte vom wahren Menschen|Histoire d'un homme véritable|La historia de un hombre real|La storia di un vero uomo|Powest o nastojaschtschem tscheloweke|The Story of a Real Man|Повесть о настоящем человеке
Q1213033	Die Gezeichneten	Die Gezeichneten
Q1213194	La Grande-Duchesse de Gérolstein	Die Großherzogin von Gerolstein|Großherzogin von Gerolstein|La Grande Duchesse de Gerolstein|La Grande Duchesse de Gérolstein|La Grande-Duchesse de Gerolstein|La Grande-Duchesse de Gérolstein|La Grande-duchesse de Gérolstein|La gran duquesa de Gerolstein|La gran duquesa de Gérolstein|La gran duquesa de gerolstein|La granduchessa di Gérolstein|Wielka księżna Gerolstein
Q1213477	Die Hochzeit	Die Hochzeit|La boda|Le nozze|Les Noces
Q1213628	L'île de Tulipatan	Die Insel Tulipatan|L'Île de Tulipatan|L'île de Tulipatan
Q1213962	Die Kluge	Chytračka|Die Kluge|Die Kluge (Orff)
Q1214025	La créole	Die Kreolin|La Créole|La creole|La créole
Q1214268	Die Landstreicher	Die Landstreicher
Q1214325	The Legend of the Red Lantern	Die Legende der roten Laterne|Die rote Laterne|La Légende de la lanterne rouge|Legenda o červené lucerně|The Legend of the Red Lantern
Q1215117	Die Neger	Die Neger
Q1215463	The Pirates of Penzance	Die Piraten von Penzance|Piraci z Penzance|The Pirates Of Penzance|The Pirates of Penzance|The Slave of Duty|The pirates of penzance
Q1215571	Die Puppenfee	Die Puppenfee|Fata delle bambole|La fée des poupées
Q1215785	Die Rheinnixen	Die Rheinnixen|Les Fees du Rhin|Les Fées du Rhin
Q1216312	Die Soldaten	Die Soldaten|Les Soldats|Los soldados|The Soldiers
Q1216684	Fleur-de-Thé	Die Teeblume|Fleur-de-Thé|Fleur-de-thé
Q1216733	The Devil and Kate	Diabeł i Kasia|Die Teufelskäthe|El diablo y Catalina|Il diavolo e Caterina|Kate and the Devil|Katia y el diablo|Le Diable et Catherine|The Devil and Kate|Čert a Káča
Q1216736	The Devil's Wall	Certova stena|Certova stěna|Die Teufelswand|El muro del diablo|The Devil's Wall|Čertova stena|Čertova stĕna|Čertova stěna
Q1217158	Le mariage aux lanternes	Die Verlobung bei der Laterne|Le Mariage aux lanternes|Le Trésor à Mathurin|Le mariage aux lanternes|Marriage by Lanterns|Mathurinův poklad|Małżeństwo przy latarniach|Svatba při lucernách|The Wedding by Lantern-Light|Zasnoubení při lucernách|Zásnuby při lucernách
Q1217323	Die Vögel	Die Vögel|Ptáci
Q1217788	Die Zirkusprinzessin	Cirkusová princezna|Die Zirkusprinzessin|Księżniczka cyrkówka|La princesa del circo|La princesse de cirque|La principessa del circo|Mistr X
Q1217815	Die Zwillingsbrüder	Die Zwillingsbrüder|Los hermanos gemelos|The Twin Brothers
Q1218700	Die keusche Susanne	Cnotliwa Zuzanna|Die keusche Susanne|La Chaste Suzanne|La casta Susana|La casta Susana (opereta)
Q1218921	The Last Five Years	Die letzten 5 Jahre|Die letzten fünf Jahre|The Last Five Years
Q1218977	Noye's Fludde	El diluvio de Noé|L'Arca di Noè|Noemova potopa|Noye's Fludde
Q1219379	Die schweigsame Frau	Die Schweigsame Frau|Die schweigsame Frau|La Femme silencieuse|La donna silenziosa|La mujer silenciosa
Q1219385	Die schöne Galathee	Die schöne Galathee|Die schöne Galathée|La bella Galatea|Piękna Galatea
Q1219408	La Belle Hélène	Die schöne Helena|Krásná Helena|La Belle Helene|La Belle Helène|La Belle Hélene|La Belle Hélène|La Belle-Hélène|La bella Elena|La bella Helena|La belle Helene|La belle Helène|La belle Hélene|La belle Hélène|Piękna Helena|The Beauteous Helena|The Beautiful Helen
Q1219600	Die toten Augen	Die Toten Augen|Die toten Augen|Les Yeux morts|Los ojos muertos|Zamarłe oczy
Q1219611	Die tote Stadt	Die Tote Stadt|Die tote Stadt|La ciudad muerta|Mrtvé město
Q1219777	La chatte métamorphosée en femme	Die verwandelte Katze|Kočka proměněná v ženu|La Chatte metamorphosee en femme|La Chatte métamorphosée en femme|La chatte metamorphosee en femme|La chatte métamorphosée en femme
Q1220040	Die ägyptische Helena	Die ägyptische Helena|Elena (Hofmannsthal)|Elena egizia|La Helena egipcia|Ägyptische Helena
Q1224384	Altar Boyz	ALTER BOYZ Orange|Altar Boyz
Q1232142	Farnace	Farnace
Q1233821	Doctor Atomic	Doctor Atomic|Doctor Atomico|Doctor Atómico
Q1234960	Philémon et Baucis	Filemón y Baucis (ópera)|Philemon et Baucis|Philemon und Baucis|Philémon et Baucis
Q1235069	Doktor Faust	Doctor Fausto|Doktor Faust
Q1235105	Doktor und Apotheker	Doktor und Apotheker
Q1239187	Euridice	Euridice
Q1241763	Donna Juanita	Donna Juanita|Doña Juanita
Q1246717	Fatinitza	Fatinitza
Q1247911	Dafne	Dafne|Dafne (Peri)|Dafné|Dafné (Peri)|La Dafne
Q1249385	Le donne rivali	Le donne rivali|Le due rivali
Q1252387	Porin	Porin
Q1254418	Dracula, the Musical	Dracula|Dracula (Frank Wildhorn)|Dracula, the Musical
Q1263085	Kiss of the Spider Woman	Kiss of the Spider Woman|Kuss der Spinnenfrau
Q1288100	Paint Your Wagon	La Kermesse de l'Ouest|Paint Your Wagon
Q1291969	Frau Luna	Frau Luna
Q1304417	Un mari à la porte	Ein Ehemann vor der Tür|Un mari a la porte|Un mari à la porte
Q1306554	Eine Nacht in Venedig	Eine Nacht in Venedig|Eine nacht in venedig|Noc w Wenecji|Una noche en Venecia|Une Nuit à Venise|Une nuit a Venise|Une nuit à Venise|Une nuit à venise
Q1306735	Eine florentinische Tragödie	Eine florentinische Tragödie|Florentinská tragédie|Una tragedia florentina|Une tragédie florentine
Q1314372	La reine de Saba	Královna ze Sáby|La Reine de Saba|La reine de Saba
Q1321558	Mozart, l'opéra rock	Mozart|Mozart L'Opera Rock|Mozart l'Opéra Rock|Mozart l’Opéra Rock|Mozart opera rock|Mozart, l'opéra rock|Mozart, l’opéra rock
Q1322339	Káťa Kabanová	Katia Kabanova|Katia Kabanová|Katja Kabanova|Katja Kabanowa|Katťa Kabanova|Kát'a Kabanová|Káťa Kabanová
Q1324254	Tristan und Isolde	Tristan|Tristan a Isolda|Tristan and Isolde|Tristan e Isolda|Tristan e Isolda (opera)|Tristan e Isolda (ópera)|Tristan et Isolde|Tristan i Izolda (dramat muzyczny)|Tristan und Isolde|Tristano e Isotta|Tristán e Isolda|Tristán e Isolda (opera)
Q1326940	Sweeney Todd: The Demon Barber of Fleet Street	Sweeney Todd|Sweeney Todd, the Demon Barber of Fleet Street|Sweeney Todd: The Demon Barber of Fleet Street|Sweeney Todd: The Demon Barber of Fleet Street (musical)|Sweeney Todd: Ďábelský lazebník z Fleet Street
Q1330969	Kiss Me, Kate	Kiss Me, Kate
Q1337202	Lischen et Fritzchen	Lieschen und Fritzchen|Lischen et Fritzchen|Lízinka a Fricek
Q1338894	Lost in the Stars	Lost in the Stars
Q1351509	Olimpie	Olimpie|Olympia|Olympie
Q1352910	Wallenberg	Wallenberg
Q1361208	Ero s onoga svijeta	Ero der Schelm|Ero s onoga svijeta
Q1361941	Armide	Armida|Armide
Q1362653	Erwartung	Erwartung|Expectation|La espera
Q1364648	Oklahoma!	Oklahoma|Oklahoma !|Oklahoma!
Q1371386	Cendrillon	Cendrillon|Cendrillon ou la Petite Pantoufle de verre|Cinderella
Q1371693	Hello, Dolly!	Hello, Dolly!
Q1373366	Jekyll & Hyde	Jekyll & Hyde|Jekyll & Hyde (musical)|Jekyll a Hyde|Jekyll and Hyde
Q1376211	Hippolyte et Aricie	Hipolito y Alicia|Hipolito y Aricia|Hippolyte et Aricie|Hippolytos a Aricia|Hipólito y Alicia|Hipólito y Aricia|Ippolito e Aricia
Q1376222	Platée	Platea|Platee|Platée
Q1379094	Eva	Das Fabriksmädel|Eva|Eva, la hija de la fábrica|Eva, la niña de la fábrica|Ewa (operetka)
Q1381579	Jacques Brel is Alive and Well and Living in Paris	Jacques Brel Is Alive and Well and Living in Paris|Jacques Brel is Alive and Well and Living in Paris
Q1393328	Telemaco	Telemaco|Telemaco (Scarlatti)
Q1395476	Fancy Free	Fancy Free
Q1395722	Fanny	Fanny|Fanny (Musical)
Q1396725	Oh! Calcutta!	Oh! Calcutta!
Q1396937	Farnace	Farnace|RV 711
Q1398735	Tiefland	Niziny|Nížina|Tiefland
Q1399900	Schwarzwaldmädel	Black Forest Girl|Das Schwarzwaldmädel|Schwarzwaldmädel
Q1400824	Fedora	Fedora|Fedora (opera)
Q1404279	Oristeo	L'Oristeo|Oristeo
Q1404987	Feramors	Feramors|Lalla Rookh
Q1407282	Matilda the Musical	Matilda|Matilda (muzikál)|Matilda the Musical
Q1411441	Giove in Argo	Giove in Argo|Jupiter in Argos
Q1411873	Scylla et Glaucus	Escila y Glauco|Scilla e Glauco|Scylla et Glaucus
Q1412552	La grotta di Trofonio	La grotta di Trofonio
Q1413471	Königskinder	Königskinder|Los hijos del rey|The King's Children
Q1416989	Titanic	Titanic|Titanic - Das Musical|Titanic – Das Musical|Titanic: The Musical
Q1417349	Maometto II	Mahomet II|Maometto II|Maometto secondo
Q1419454	L'Allegro, il Penseroso ed il Moderato	HWV 55|L'Allegro, il Penseroso ed il Moderato|L'allegro, il penseroso ed il moderato|L’Allegro, il Penseroso ed il Moderato|L’Allegro, il Penseroso ed il Moderato, HWV 55
Q1419468	Tolomeo	HWV 25|Tolomeo|Tolomeo, Re di Egitto
Q1419474	Sosarme	Fernando, Re di Castiglia|HWV 30|Sosarme|Sosarme, re di Media
Q1419652	Teseo	HWV 9|Teseo|Theseus
Q1422674	María de Buenos Aires	Maria de Buenos Aires|María de Buenos Aires
Q1424307	Lady in the Dark	Lady in the Dark
Q1425565	Tick, Tick... Boom!	Tick, Tick... Boom!|Tick, Tick… BOOM!|Tik, tik… BUM!
Q1428601	King Arthur	King Arthur|King Arthur, or the British Worthy|Král Artuš|Rey Arturo
Q1430104	Floridante	Floridante|HWV 14|Il Floridante
Q1439127	La chanson de Fortunio	Fortunios Lied|Fortuniova píseň|La Chanson de Fortunio|La chanson de Fortunio|Píseň Fortuniova|Píseň pana Fortunia
Q1440309	Fra Diavolo	Fra Diavolo|Fra Diavolo (Auber)|Fra Diavolo (opera)|Fra Diavolo oder Das Gasthaus in Terracina|Fra Diavolo ou L’hôtellerie de Terracine|Fra Diavolo ou l’Hôtellerie de Terracine|L’Hôtellerie de Terracine
Q1442168	Ivanhoé	Ivanhoe|Ivanhoé
Q1445956	La costanza trionfante degl'amori e de gl'odii	Artabano Re de Parti|Artabano Re dei Parti|Die über Hass und Liebe siegende Beständigkeit, oder Tigranes, König von Armenien|Doriclea|L'Artabano|La costanza trionfante degl'amori e de gl'odii|La costanza trionfante degl'amori e degl'odii|La costanza trionfante degl’amori e degl’odii|RV 706
Q1457220	The Music Man	The Music Man
Q1458184	Martin Guerre	Martin Guerre
Q1460321	The Woman in White	The Woman in White
Q1464596	The Likes of Us	Likes of Us|The Likes of Us
Q1469058	Il giuramento	Das Gelübde|Der Schwur|Il Giuramento|Il giuramento|The Oath
Q1469499	Prinz Methusalem	Prinz Methusalem
Q1470358	Me and My Girl	Me and My Girl
Q1472110	The Beggar's Opera	Beggar's Opera|Bettleroper|L'Opéra du gueux|L'opera del mendicante|L'opera dello straccione|La ópera del mendigo|La ópera del vagabundo|Opera żebracza|The Beggar's Opera|The Beggar’s Opera|Žebrácká opera
Q1474467	Intermezzo	Intermezzo
Q1474747	Funny Girl	Funny Girl|Funny Girl (Musical)|Zabawna dziewczyna
Q1475053	Noé	Noe|Noé|Noé (opera)
Q1475152	Crazy for You	Crazy For You|Crazy for You
Q1478200	L'éclair	L'éclair|L’Éclair|L’éclair
Q1483458	Oliver!	Oliver !|Oliver!
Q1495302	Gasparone	Gasparone
Q1500235	Grand Hotel	Grand Hotel
Q1500282	Lord of the Dance	Lord of the Dance|Michael Flatley's Lord of the Dance
Q1507807	The Capeman	The Capeman
Q1517784	Oh, Kay!	Oh Kay|Oh, Kay !|Oh, Kay!
Q1519489	Polish Blood	Polenblut|Polish Blood|Polská krev|Sangre polaca o La danzarina de Cracovia
Q1520514	Médée	Medea|Medee|Médée
Q1527003	Giroflé-Girofla	Girofle-Girofla|Giroflé-Girofla
Q1527855	Giuditta	Giuditta|Judith
Q1532684	Nizami	Nizami
Q1533927	Godspell (musical)	Godspell|Godspell (musical)
Q1533983	Next to Normal	Next to Normal
Q1535240	South Pacific	South Pacific|Tales of the South Pacific
Q1545849	Vanessa	Vanessa
Q1547049	Griselda	Griselda
Q1547158	Almira	Almira|Almira, Königin von Castilien|Der in Krohnen erlangte Glücks-Wechsel|HWV 1
Q1551462	Countess Maritza	Comtesse Maritza|Countess Maritza|Gräfin Mariza|Hrabina Marica|Hraběnka Marica|La condesa Maritza|Marica grófnő
Q1555028	Guntram	Guntram|Guntram (opera)
Q1558496	Gypsy: A Musical Fable	Gypsy|Gypsy (musical)|Gypsy: A Musical Fable|Gypsy: a musical fable
Q1563380	Babes in Toyland	Babes in Toyland
Q1571629	Medea in Corinto	Medea in Corinto
Q1576427	Rodrigo	HWV 5|Rodrigo|Vincer se stesso e la maggior vittoria|Vincer se stesso è la maggior vittoria
Q1579533	If Not That One, Then This One	If Not That One, Then This One|Mashadi Ibad|Nicht jene, so dieser|No eso, entonces esto|Se non questa, allora quell'altra|Wenn nicht diese, dann die andere
Q1584256	Happy End	Happy End|Happy End Songspiel
Q1591428	Ivanhoe	Ivanhoe
Q1606410	Sunset Boulevard	Sunset Boulevard|Sunset Boulevard (musical)
Q1618696	Temistocle	Temistocle|Temistocles|Temístocles|Themistokles
Q1619305	Fra i due litiganti il terzo gode	Fra i due litiganti il terzo gode|I due litiganti|I due pretendenti delusi|I pretendenti delusi|I pretendenti delusi ovvero Tra i due litiganti il terzo gode|I rivali delusi|Le nozze di Dorina|Mientras dos discuten, el tercero disfruta
Q1620751	Histoire du soldat	Die Geschichte des Soldaten|Die Geschichte vom Soldaten|Geschichte des Soldaten|Geschichte vom Soldaten|Histoire du Soldat|Histoire du soldat|Historia de un Soldado|Historia de un soldado|Historia de un soldado (Histoire du soldat)|Historia del soldado|L'Histoire du soldat|L'histoire du Soldat|Příběh vojáka|The Soldier's Tale
Q1622224	La vestale	La Vestale|La vestale|Westalka
Q1626977	Aci, Galatea e Polifemo	Aci Galatea e Polifemo|Aci, Galatea e Polifemo
Q1630370	Notre Dame	Notre Dame
Q1630580	Silla	HWV 10|L. C. Silla|Lucio Cornelio Silla|Silla|Silla (Händel)
Q1631702	How to Succeed in Business Without Really Trying	How To Succeed In Business Without Really Trying|How to Succeed in Business Without Really Trying
Q1632077	Hoy no me puedo levantar	Hoy No Me Puedo Levantar|Hoy no me puedo levantar
Q1632197	Whoopee!	Whoopee!
Q1633296	Phaëton	Faethón|Phaeton|Phaéton|Phaëton
Q1633345	Scipione	HWV 20|Publio Cornelio Scipione|Scipione|Scipione (Händel)
Q1658205	Il Bellerofonte	Bellerofonte|Bellerofontés|Il Bellerofonte
Q1658215	Il mondo alla rovescia	Il Mondo alla rovescia|Il mondo alla rovescia
Q1658228	Muzio Scevola	HWV 13|Il Muzio Scevola|Mucjusz Scaevola|Muzio Scevola
Q1658247	Il ricco d'un giorno	Il Ricco d'un giorno|Il ricco d'un giorno|Il ricco d’un giorno
Q1658249	Il pastor fido	HWV 8|Il Pastor Fido|Il pastor fido
Q1659560	The White Horse Inn	Al Cavallino Bianco|Al cavallino bianco|Im weissen Rössl|Im weißen Rössl|Im weißen Rößl|Im weißen Rößl am Wolfgangsee|L'Auberge Du Cheval-Blanc|L'Auberge du Cheval-Blanc|L'auberge du cheval-blanc|La posada del Caballito Blanco|L’Auberge du Cheval-Blanc|The White Horse Inn|U bílého koníčka
Q1659804	Imeneo	HWV 41|Imeneo
Q1661920	Moses und Aron	Moises y Aaron|Moisés y Aarón|Moses und Aron|Moïse et Aaron
Q1670602	Roméo et Juliette, de la Haine à l'Amour	Roméo et Juliette, de la Haine à l'Amour|Roméo et Juliette, de la Haine à l’Amour|Roméo et Juliette, de la haine à l'amour
Q1672988	Irma La Douce	Irma La Douce|Irma la Douce|Irma la douce|Irma la douce (1963)
Q1686033	Jeanne d'Arc au bûcher	Jeanne au bûcher|Jeanne d'Arc au bucher|Jeanne d'Arc au bûcher|Jeanne d’Arc au bûcher|Joan of Arc at the Stake|Juana de Arco en la hoguera|Juana de arco en la hoguera
Q1703479	Jonny spielt auf	Jonny empieza a tocar|Jonny hraje do kola|Jonny spielt auf|Jonny vyhrává
Q1713359	Radamisto	Radamisto
Q1719887	Siroe	Siroe|Siroe, Re di Persia|Siroe, re di Persia|Siroe, rey de Persia
Q1734123	Der Karneval in Rom	Der Carneval in Rom|Der Karneval in Rom
Q1743483	Le pont des soupirs	Le Pont des Soupirs|Le Pont des soupirs|Le pont des soupirs
Q1751433	The Producers	Los productores|Producenti|The Producers
Q1751750	Les Danaïdes	Les Danaides|Les Danaïdes
Q1754238	Saul	HWV 53|Saul|Saül
Q1756834	Poro	Alejandro en la India|Alessandro nell'Indie|HWV 28|Poro|Poro Re dell'Indie|Poro, Re dell'Indie|Poro, re delle Indie|Poro, rey de la India
Q1757853	Antikrist	Antikrist
Q1760494	Les surprises de l'Amour	Les Surprises de l'amour|Les Surprises de l’Amour|Les surprises de l'Amour
Q1766994	Applause	Aplauso|Applause
Q1767158	Nero	Die durch Blut und Mord erlangte Liebe|Nero|Nero (opera)
Q1770565	Io	Io|Ío
Q1777762	Rebecca	Musical Rebecca|Rebecca|Rebecca (musical)|Rebeka (musical)
Q1782024	Thamos, King of Egypt	KV 345|Thamos|Thamos, King of Egypt|Thamos, Konig in Agypten|Thamos, König in Ägypten|Thamos, král egyptský|Thamos, król Egiptu|Thamos, re d'Egitto|Thamos, rey de Egipto|Thamos, roi d'Égypte
Q1798628	La Betulia liberata	Betulia Liberata|Betulia liberata|K 118|K. 118|K. 74c|KV 118|KV 74c|La Betulia Liberata|La Betulia liberata
Q1798793	La fiera di Venezia	La fiera di Venezia
Q1799481	Alessandro Severo	Alessandro Severo
Q1801658	El barberillo de Lavapiés	El Barberillo de Lavapies|El Barberillo de Lavapiés|El barberillo de Lavapies|El barberillo de Lavapiés|Lamparilla
Q1805270	Pique Dame	Pique Dame
Q1807287	La vie parisienne	La Vie parisienne|La vida parisina|La vie parisienne|Pariser Leben|Życie paryskie
Q1809978	Le maçon	Le Maçon|Le maçon|Maurer und Schlosser
Q1810129	Le roi d'Ys	El rey de Ys|Le Roi d'Ys|Le roi d'Ys|Le roi d’Ys
Q1810133	Le Roi Soleil	Le Roi Soleil|The Sun King (musical)
Q1810357	Le roi l'a dit	Der König hat's gesagt|Le roi l'a dit|Le roi l’a dit
Q1812852	Tarzan	Tarzan
Q1814636	Leichte Kavallerie	Caballería ligera (Suppé)|Cavalerie légère|Cavalleria leggera (operetta)|Leichte Kavallerie|Lekka kawaleria (opera)|Lekka kawaleria (operetka)
Q1819487	Leonora	Leonora
Q1822437	Leyli and Majnun	Lajla i Madżnun (opera)|Layla e Majnun|Lejli a Medžnun|Leyli and Majnun|Leyli et Medjnoun|Leyli va Madschnun|Leyli və Məcnun|Leyli y Medzhnun
Q1880621	L'Arianna	Ariadna|Ariadne|Arianna|L'Arianna|L’Arianna
Q1880650	Europa riconosciuta	Europa riconosciuta|L'Europa riconosciuta|L’Europa riconosciuta
Q1883161	Madame Favart	Madame Favart
Q1891546	Oedipus Rex	Edipo re|Edipo rey|Oedipus Rex|Oedipus rex|Œdipus rex
Q1911979	Mavra	Mavra
Q1918331	El retablo de maese Pedro	El retablo de Maese Pedro|El retablo de maese Pedro|El retablo de maese pedro|El retablo del Maese Pedro|Les tréteaux de Maître Pierre|Master Peter's Puppet Show|Meister Pedros Puppenspiel|Retablo de Maese Pedro
Q1931598	Wiener Blut	Sang viennois|Viennese Blood|Viennese Spirit|Vídeňská krev|Wiedeńska krew|Wiener Blut
Q1949643	Motezuma	Montezuma|Motezuma|RV 723
Q1960525	Il templario	Il templario
Q1977730	Maskarade	Mascarada|Maskarade
Q1983117	Mam'zelle Nitouche	Mam'zelle Nitouche|Mamsell Nitouche|Mamzelle Nitouche|Mam’zelle Nitouche|Nitouche
Q1988106	Das Veilchen vom Montmartre	Das Veilchen vom Montmartre|La violeta de Montmartre
Q1989023	Hérodiade	Erodiade|Herodiada|Herodiade|Herodias|Hérodiade
Q1994415	No, No, Nanette	No, No, Nanette
Q1994720	Von heute auf morgen	De hoy a mañana|Du jour au lendemain|Von heute auf morgen
Q1996297	Männerlist grösser als Frauenlist	L'astuzia maschile è più grande di quella femminile|Männerlist grösser als Frauenlist
Q2001175	Rose-Marie	Rose Marie|Rose-Marie
Q2001586	Urinetown	Pinkelstadt|Urinetown|Urinetown: The Musical
Q2006428	Ghost	Ghost|Ghost the Musical
Q2012993	’u’	’u’
Q2017100	I gioielli della Madonna	Der Schmuck der Madonna|I gioielli della Madonna|Las joyas de la señora|Les joyaux de la Madone|The Jewels of the Madonna
Q2019911	Alceste	Alcesta aneb Triumf Alcidy|Alceste|Alceste, ou le Triomphe d'Alcide
Q2032217	Monna Vanna	Monna Vanna
Q2032667	Alfonso und Estrella	Alfonso ed Estrella|Alfonso und Estrella|Alfonso y Estrella
Q2035179	La Cage aux Folles	La Cage aux Folles|La Cage aux folles|La cage aux folles|La jaula de las locas
Q2040673	Prometheus	Prometheus
Q2046738	Pal Joey	Pal Joey
Q2047277	Ademira	Ademira
Q2048126	Aeneas i Carthago	Aeneas i Carthago|Aeneas in Carthago|Aeneas in Karthago|Æneas i Carthago
Q2059350	Le jongleur de Notre-Dame	Le Jongleur de Notre-Dame|Le jongleur de Notre-Dame
Q2061290	Mame	Mame
Q2063125	Le chalet	Chata v Alpách|Le Chalet|Le chalet|Na Alpách
Q2065636	Pan Voyevoda	Der Wojewode|Pan Voevoda|Pan Voyevoda|Pan Wojewoda|Pan Wojewode
Q2065855	Chatterton	Chatterton
Q2067231	Germania	Germania
Q2071650	Lo schiavo	Lo Schiavo|Lo schiavo
Q2081651	Evil Dead The Musical	Evil Dead|Evil Dead The Musical
Q2084345	Pomme d'api	Panenské jablíčko|Pomme d'Api|Pomme d'api|Poor Mignonette|The Love Apple|The Red Apple|Wilde Rose
Q2084699	Phaedra	Fedra (Henze)|Phaedra|Phaedra (Henze)|Phaedra (opera)|Phaedra (ópera)
Q2143584	Alessandro	Alessandro|HWV 21
Q2164246	Sweet Charity	Sweet Charity
Q2164275	Tamerlano	HWV 18|Tamerlan|Tamerlano|Tamerlán
Q2166879	Show Boat	Show Boat|Showboat
Q2200020	Legally Blonde	La Revanche d'une blonde|Legally Blonde|Legally Blonde (musical)|Legalna blondynka|Natürlich Blond
Q2210892	Mary Poppins	Mary Poppins|Mary Poppins (Musical)
Q2245661	Giasone	Giasone|Il Giasone
Q2253601	The Addams Family	La famiglia Addams|The Addams Family|The Addams Family: A New Musica
Q2258296	I Lituani	I Lituani
Q2258691	Schön ist die Welt	Piękny jest świat|Schön ist die Welt
Q2258825	Lo frate 'nnamorato	El hermano enamorado|Lo Frate 'nnamorato|Lo frate 'nnamorato|Lo frate ’nnamorato
Q2259133	Assassins	Assassins
Q2259941	Pénélope	Penelope|Penélope|Pénélope
Q2277615	She Loves Me	She Loves Me|She loves me
Q2278286	Nine	Nine
Q2280297	Shuffle Along	Shuffle Along
Q2284321	La Silvia	La Silvia|RV 734|Silvia
Q2285344	Maria Tudor	Maria Tudor
Q2286134	Silk Stockings	Silk Stockings|Silk Stockings (Musical)
Q2288398	L'Arlesiana	L'Arlesiana|L'Arlésienne|L'arlesiana|La arlesiana|L’Arlesiana
Q2289136	Loreley	Loreley
Q2291188	Phantom	Phantom
Q2291287	Einstein on the Beach	Einstein en la playa|Einstein na pláži|Einstein on the Beach
Q2292268	Siberia	Siberia
Q2296392	Il trionfo dell'onore	El triunfo del honor|Il trionfo dell'onore|Il trionfo dell’onore
Q2299902	Bajazet	Bajazet|Il Bajazet|Il Tamerlano|RV 703|Tamerlano
Q2301371	Song and Dance	Song & Dance|Song and Dance
Q2306874	Wonderful Town	Wonderful Town|wundervolle stadt
Q2330994	Griselda	Griselda
Q2336119	High School Musical on Stage!	High School Musical|High School Musical - Lo spettacolo|High School Musical On Stage!|High School Musical on Stage!|High school musical on stage !
Q2342484	L'amore dei tre re	El amor de los tres reyes|Gli amori dei tre re|L'Amore dei tre re|L'amore dei tre re
Q2354979	Sea of Blood	Mer de sang|Opera revolutionnaire style Mer de sang|Opéra révolutionnaire style mer de sang|Pibada|Sea of Blood|opéra révolutionnaire style Mer de sang
Q2355342	Street Scene	Street Scene
Q2358553	Ulisse	Odysseus|Ulises|Ulisse
Q2364932	Prisoner of the Caucasus	Der Gefangene im Kaukasus|El prisionero del Caucaso|El prisionero del Cáucaso|Il prigioniero del Caucaso|Le Prisonnier du Caucase|Prisoner of the Caucasus
Q2367888	The Nose	Die Nase|Il naso|La nariz|Le Nez|Nos|The Nose
Q2372929	The Fiery Angel	Der feurige Engel|El ángel de fuego|Fiery Angel|L'Ange de feu|L'angelo di fuoco|Ohnivý anděl|The Fiery Angel
Q2378995	Méditation	Meditation|Méditation|Méditation de Thaïs
Q2390578	Waiting for the Barbarians	Waiting for the Barbarians
Q2410243	The Choice of Hercules	HWV 69|La scelta di Ercole|Le choix d'Hercule|The Choice of Hercules|The Choice of Hercules (Haendel)
Q2414478	The Student Prince	Der Studentenprinz|The Student Prince
Q2415134	The Oprichnik	Der Leibwächter|Der Opritschnik|El oprichnik|El opríchnik|L'Opritchnik|L'Opričnik|Opritchnik|Opritschnik|Opričnik|Opričník|The Guardsman|The Oprichnik|Опричник
Q2418863	Francesca da Rimini	Francesca da Rimini
Q2425973	The Boy Friend	The Boy Friend
Q2435604	Victor/Victoria	Victor Victoria|Victor o Victoria|Victor/Victoria|Victor/Victoria (musical)|Víctor o Victoria
Q2443217	Bare: A Pop Opera	Bare|Bare de Musical|Bare: A Pop Opera|Bare: Eine Pop-Oper
Q2443758	Die Bajadere	Bajadera|Bajadéra|Die Bajadere|La Bayadère|La bayadera (opereta)
Q2445865	Le château à Toto	Le Château à Toto|Le chateau a Toto|Le château à Toto|Totos Schloss
Q2446211	Christmas Eve	Christmas Eve|Die Nacht vor Weihnachten|La noche de Navidad|La notte prima di Natale|Noc wigilijna|Notsch pered Roschdestwom|Sonnenwendnacht (Ukrainische Dorfsage)|Weihnacht|Ночь перед Рождеством
Q2450365	The Nightingale	El ruiseñor|Le Rosignol|Le Rossignol|Le rossignol|Slavík|Solověj|The Nightingale
Q2452512	Follies	Follies
Q2456112	Le roi de Lahore	Der König von Lahore|El rey de Lahore|Il re di Lahore|Król z Lahore|Le Roi de Lahore|Le roi de Lahore
Q2466474	Lo sposo deluso	K. 430|K. 430 (424a)|K. 430/424a|KV 424a|KV 430|Lo sposo deluso|Lo sposo deluso K. 430|The Deluded Bridegroom|The Deluded Bridegroom, or The Rivalry of Three Women for One Lover
Q2492975	Undine	Undine
Q2523412	Aladdin	Aladdin|Aladin|Aladin (Atterberg)
Q2524552	Viktoria und ihr Husar	Abraham, Paul, 1892-1960. Victoria and her Hussar|Abraham, Paul, 1892-1960. Victoria und ihr Husar|Abraham, Paul, 1892-1960. Viktoria und ihr Husar|Victoria and her Hussar|Viktoria und ihr Husar|Ábrahám, Pál, 1892-1960. Viktoria
Q2530921	A Little Night Music	A Little Night Music
Q2541435	Il combattimento di Tancredi e Clorinda	Combattimento di Tancredi e Clorinda|Il Combattimento di Tancredi e Clorinda|Il combattimento di Tancredi e Clorinda|Tancredi e Clorinda
Q2541671	Arsilda, regina di Ponto	Arsilda Regina di Ponto|Arsilda regina di Ponto|Arsilda, regina di Ponto|RV 700
Q2541686	Ercole su'l Termodonte	Ercole su 'l Termodonte|Ercole su'l Termodonte|Ercole sul Termodonte|Ercole su’l Termodonte|RV 710
Q2542150	Dorilla in Tempe	Dorilla in Tempe|RV 709|RV 709-A|RV 709-D
Q2547832	Vanda	Vanda|Wanda|Wanda op.25|Wanda, op.25
Q2550219	Esclarmonde	Esclarmonde|Esklarmonda
Q2555421	I Medici	I Medici|Los Medicis|Los Médicis
Q2557494	La fida ninfa	Il giorno felice|La fida Ninfa|La fida ninfa|RV 714
Q2561124	Renard	Renard|Renard, Historie burlesque chantée et jouée
Q2600991	Fosca	Fosca
Q2605813	Saint François d'Assise	Der heilige Franz von Assisi|Franziskus-Szenen|Saint François d'Assise|Saint François d’Assise|San Francesco d'Assisi|San Francisco de Asis|San Francisco de Asís|Scènes franciscaines|Święty Franciszek z Asyżu
Q2617108	Scanderbeg	RV 732|Scanderbeg
Q2618565	The Voyevoda	Der Woiwode|Der Wojewode|El voivoda|Il Voevoda|Le Voïevode|Le Voïévode|The Voyevoda|Voevoda|Vojevoda|Voïevoda|Воевода
Q2619594	Jalta	Jalta|Jalta, Jalta
Q2619671	I Love You, You're Perfect, Now Change	I Love You, You're Perfect, Now Change|I Love You, You’re Perfect, Now Change
Q2622334	Alice in Wonderland	Alice in Wonderland|Alicia en el pais de las maravillas|Alicia en el país de las maravillas
Q2623107	The Demon	Demon|Der Dämon|Démon|El demonio|Il Demone|Le Démon|The Demon
Q2625474	Risurrezione	Resurrezione|Resurrezione; Katjuscha|Risurrezione
Q2629201	Betrothal in a Monastery	Betrothal in a Monastery|Compromiso en un monasterio|Die Verlobung im Kloster|Les Fiançailles au couvent|Matrimonio al convento
Q2630833	Pulcinella	Pulcinella
Q2632179	Ritter Pázmán	Caballero Pasman|Caballero Pásmán|Le Cavalier Pasman|Ritter Pasman|Ritter Pasmán|Ritter Pazman|Ritter Pásmán|Ritter Pásmán, Op. 441|Ritter Pázmán
Q2634039	L'oca del Cairo	Gęś z Kairu|Husa z Káhiry|K 422|K. 422|KV 422|Káhirská husa|L'oca del Cairo|L'oca del Cairo K. 422|La oca del Cairo|The Cairo Goose|The Goose of Cairo
Q2639298	Giustino	Giustino|Il Giustino|RV 717
Q2641788	Alexander Balus	Alexander Balus
Q2655023	Lalla-Roukh	Lalla Roukh|Lalla-Roukh
Q2655886	La Esmeralda	Esmeralda|La Esmeralda|La Esmeralda (Ballett)|La Esmeralda (ballet)
Q2658518	Soldier of Orange	Soldaat van Oranje|Soldaat van Oranje (Musical)|Soldier of Orange
Q2659428	Das Wunder der Heliane	Das Wunder der Heliane|El milagro de Heliane
Q2660289	Arshin Mal Alan	Archine Mal Alan|Archine mal alan|Archine-Mal-Alan|Arschin mal alan|Arshin Mal Alan
Q2669410	Undina	Ondine|Oundina|Undina|Undine
Q2680386	The Man Who Mistook His Wife for a Hat	L'Homme qui prenait sa femme pour un chapeau|Muž, který si spletl svou ženu s kloboukem|The Hat|The Man Who Mistook His Wife for a Hat
Q2703846	Friedenstag	Dia de paz|Dzień pokoju|Día de paz|Friedenstag|Il giorno della pace|Opus 81|Peace Day|TrV 271
Q2708992	Dead Man Walking	Dead Man Walking
Q2709440	La Navarraise	Das Mädchen aus Navarra|La Navarraise|The Girl from Navarre
Q2717528	La princesse jaune	La Princesse jaune|La princesse jaune
Q2718325	Pigmalion	Pigmalion|Pigmalión|Pygmalion
Q2718706	Francesca da Rimini	Francesca da Rimini
Q2725548	La verità in cimento	La verita in cimento|La verità in cimento|RV 739
Q2735143	Il Guarany	Il Guarany
Q2740490	El Niño	El Nino|El Niño|Niño
Q2743188	The Fairy-Queen	Fairy-Queen|Královna víl|Królowa elfów|La regina delle fate|La reina de las hadas|The Fairy Queen|The Fairy-Queen|The fairy queen
Q2745696	Proserpine	Proserpina|Proserpine
Q2749020	Julietta	Julieta, o el libro de los sueños|Julietta|Juliette|Juliette aneb Snář|Juliette ou La clé des songes|Juliette ou la Clé des songes
Q2759357	Salvator Rosa	Salvador Rosa|Salvator Rosa
Q2781904	Robert Bruce	Robert Bruce|Roberto Bruce
Q2802217	Footloose	Footloose
Q2809501	1789: Les Amants de la Bastille	1789 : Les Amants de la Bastille|1789 les amants de la Bastille|1789, Les Amants de la Bastille|1789, les amants de la Bastille|1789: Les Amants de la Bastille
Q2819953	A Village Romeo and Juliet	A Village Romeo and Juliet|A village romeo and juliet|Romeo a Julie na vsi (opera)|Romeo und Julia auf dem Dorfe|Romeo und Julia auf dem Lande
Q2820226	Abbacadabra	Abbacadabra|Abbacadabra (comedie musicale)
Q2823124	Achille et Déidamie	Achille et Deidamie|Achille et Déidamie|Achille et Déïdamie
Q2825066	Adriana Mater	Adriana Mater
Q2825085	Adriano in Siria	Adriano en Siria|Adriano in Siria
Q2829435	Al gran sole carico d'amore	Al Gran Sole Carico D'amore|Al gran sole carico d'amore|Al gran sole carico d'amore (Nono)|Al gran sole carico d’amore
Q2840318	Semiramide riconosciuta	La Semiramide riconosciuta|Semiramide riconosciuta|Semiramis reconocida|Semíramis reconocida
Q2840832	Amadis	Amadis|Amadís
Q2840837	Amadis	Amadis|Amadis de Gaule|Amadís
Q2843864	Turandot	Turandot
Q2846936	Andromaque	Andromaché|Andromaque
Q2850580	Anna Nicole	Anna Nicole
Q2853219	Antigone	Antigone|Antigone (musique de scène)
Q2855727	The Wiz	The Wiz|The Wiz – Das zauberhafte Land
Q2861176	Ariane	Ariane
Q2862257	Armida al campo d'Egitto	Armida al campo d'Egitto|RV 699
Q2866351	Ascanio	Ascanio
Q2870199	Atys	Atis|Atys|Atys (Lully)
Q2876719	Taverner	Taverner
Q2879546	Ercole amante	Ercole amante|Hercule amoureux
Q2879944	Artaserse	Artajerjes|Artaserse|Artaxerxés
Q2884924	Phryné	Phryne|Phryné
Q2891513	Le feste d'Apollo	Atto d'Aristeo|Atto d'Orfeo|Atto di Bauci e Filemone|Le feste d'Apollo|Le feste d’Apollo
Q2892756	Ariane	Ariadna|Ariadne|Ariane
Q2895007	Bellérophon	Bellerofontés|Bellerophon|Bellérophon
Q2904181	Bion	Bion
Q2906871	Blodwen	Blodwen
Q2914297	Drood	Drood|The Mystery of Edwin Drood
Q2915147	A Very Potter Musical	A Very Potter Musical|AVPM|Harry Potter: The Musical
Q2915810	Company	Company|Company (Musical)
Q2917783	Macbeth	Macbeth
Q2917930	Mirandolina	Mirandolina
Q2918522	The Cave	La cueva|The Cave
Q2918663	Don César de Bazan	Don Cesar de Bazan|Don César de Bazan
Q2921944	Boulevard Solitude	Boulevard Solitude
Q2938825	Carioca	Carioca
Q2966173	Christophe Colomb	Christophe Colomb|Cristóbal Colón|Kryštof Kolumbus
Q2972091	Chérubin	Cherubin|Chérubin
Q2972253	Ciboulette	Ciboulette
Q2978920	Cleofide	Alejandro en la India|Alessandro nell'Indie|Cleofide
Q2980772	Cléopâtre	Cleopatra (Massenet)|Cleopatre|Cléopâtre|Cléopâtre (opera)
Q2985139	Koroghlu	Keroglu|Koroghlu|Koroglu|Koroglu, Körogly|Korogly|Koroğlu
Q3003178	Croesus	Croesus|Der hochmütige, gestürzte und wieder erhabene Croesus
Q3006581	Grisélidis	Griselidis|Grisélidis
Q3007234	The Last Savage	Der letzte Wilde|El ultimo salvaje|El último salvaje|L'ultiimo selvaggio|L'ultimo selvaggio|Le Dernier Sauvage|Le dernier sauvage|L’ultiimo selvaggio|Poslední divoch|The Last Savage
Q3009151	Le mage	Le Mage|Le mage
Q3010246	Céphale et Procris	Céphale et Procris|Céphale et Procris ou L’amour conjugal|L’amour conjugal
Q3012722	Panurge	Panurge
Q3015886	Daphnis et Alcimadure	Dafnis e Alcimadura|Dafnís e Alcimadura|Daphnis et Alcimadure
Q3016697	Das Brandenburger Tor	Das Brandenburger Tor|La Porte de Brandebourg|La puerta de Brandemburgo
Q3022126	The Tempest	Bouře|La tempestad|The Tempest|The tempest
Q3023520	Der Diktator	Der Diktator
Q3027336	Die schwarze Maske	Czarna maska|Die Schwarze Maske|Die schwarze Maske|La mascara negra|La máscara negra|The Black Mask
Q3027349	Die glückliche Hand	Die glückliche Hand|La Main heureuse|La mano bendecida
Q3028007	Le docteur Miracle	Doktor Miracle|El doctor Milagro|Le Docteur Miracle|Le docteur Miracle
Q3028308	Finian's Rainbow	Divotvorný hrnec|Finian's Rainbow
Q3030272	Disney's Aladdin: A Musical Spectacular	Disney's Aladdin: A Musical Spectacular
Q3039802	Thérèse	Teresa|Therese|Thérèse|Thérèse (opera)
Q3041659	King Roger	Der Hirte|El rey Roger|King Roger|Krol Roger|Król Roger|König Roger|Le Roi Roger|Pasterz|Re Ruggero|Rey Roger
Q3043289	Déjanire	Dejanire|Déjanire
Q3049442	Ein Traumspiel	Ein Traumspiel
Q3050642	Elegy for Young Lovers	Elegia para jovenes amantes|Elegia per giovani amanti|Elegie für junge Liebende|Elegy for Young Lovers|Elegy for young Lovers|Elegía para jóvenes amantes|Élégie pour jeunes amants
Q3051035	Eliogabalo	Eliogabalo|L'Eliogabalo
Q3052498	Emma di Resburgo	Emma di Resburgo
Q3057300	Satyagraha	Satyagraha
Q3057622	Es war einmal	Bylo nebylo|Es war einmal|Es war einmal …|Érase una vez (ópera)
Q3062525	Messidor	Messidor
Q3063192	Elisa, ou Le voyage aux glaciers du Mont St-Bernard	Elisa, ou Le voyage aux glaciers du Mont St-Bernard|Eliza
Q3064060	Le testament de la tante Caroline	El testamento de la tia Carolina|El testamento de la tía Carolina|Le Testament de la tante Caroline|Le testament de la tante Caroline|Odkaz tety Karolíny
Q3064107	L'abandon d'Ariane	L'Abandon d'Ariane|L'abandon d'Ariane|Opuszczenie Ariadny|Porzucenie Ariadny|The abandonment of Ariane
Q3064383	Jephtas Gelübde	Jephtas Gelübde|Jephtas Gelübte|Jephthas Gelübde|Le serment de Jephté
Q3065357	L'esule di Granata	El exilio de Granada|L'Exilé de Grenade|L'esule di Granata
Q3065867	M. Choufleuri restera chez lui le . . .	M. Choufleuri restera chez lui le . . .|M. Choufleuri restera chez lui le…|Monsieur Choufleuri|Monsieur Choufleuri restera chez lui le...
Q3066270	Florodora	Florodora
Q3066486	Le déserteur	Le Deserteur|Le Déserteur|Le deserteur|Le déserteur|The Deserter
Q3068704	The Excursions of Mr. Brouček to the Moon and to the 15th Century	Ausflüge des Herrn Brouček|Die Ausflüge des Herrn Brouček|Las excursiones del señor Broucek|Les Voyages de Monsieur Broucek|The Excursion of Mr. Brouček|The Excursions of Mr. Brouček to the Moon and to the 15th Century|Výlety páně Broučkovy
Q3068944	King Priam	El rey Priamo|El rey Príamo|King Priam|Król Priam
Q3069261	Mother	La madre|Matka|Mother
Q3069266	Šárka	Šárka
Q3069603	The Doctor of Myddfai	The Doctor of Myddfai|The Doctor of Mydffai
Q3069779	Fervaal	Fervaal
Q3072314	Sancta Susanna	Sancta Susanna|Sancta Sussana|Svatá Zuzana
Q3073319	Flammen	Flammen|Flammen (Schreker)|Llamas (Schreker)
Q3073322	Flammen	Flammen|Plameny
Q3074343	Der beglückte Florindo	Der beglückte Florindo|Florindo|HWV 3
Q3076437	Les noces de Jeannette	Jeannettina svatba|Las bodas de Jeannette|Le nozze di Giannetta|Les Noces de Jeannette|Les noces de Jeannette
Q3077271	Goyescas	Goyescas|Goyescas (opera)
Q3078584	Fortunio	Fortunio
Q3084062	Isis	Isis
Q3089520	Frédégonde	Fredegonde|Frédégonde
Q3098992	Thésée	Thesee|Theseus|Théseus|Thésée
Q3099033	Psyché	LWV 56|Psyche|Psyché
Q3100706	Geneviève de Brabant	Genevieve de Brabant|Geneviève de Brabant|Genoveva de Brabante (opereta)
Q3106365	Robinson Crusoé	Robinson Crusoe|Robinson Crusoé|Robinson Crusoé (opera komiczna)
Q3107460	Œdipe	Edipo|Oedipe|Oedipo|Oidipus|Ödipus|Œdipe
Q3109729	L'attaque du moulin	L'Attaque du moulin|L'attaque du moulin
Q3114555	Le roi malgré lui	Król mimo woli|Le Roi malgré lui|Le roi malgre lui|Le roi malgré lui
Q3119476	Guido et Ginevra	Guido et Ginevra
Q3122544	Gwendoline	Gwendoline|Gwendoline (Chabrier)
Q3132581	Semyon Kotko	Semion Kotko|Semión Kotko|Semjon Kotko|Semyon Kotko|Semën Kotko
Q3132918	Life with an Idiot	La Vie avec un idiot|La vida con un idiota|Leben mit einem Idioten|Life with an Idiot|Schisn s idiotom
Q3133124	Henry VIII	Henry VIII
Q3133269	Saul og David	Saul e David|Saul et David|Saul og David|Saúl y David|Saül et David
Q3133339	The Greek Passion	Griechische Passion|La Passion grecque|La pasion griega|La pasión griega|The Greek Passion|Řecké pašije
Q3133498	Destiny	Destino (opera)|Destiny|Fate|Osud
Q3135744	Hin und zurück	Hin und zurück|Ida y vuelta|There and Back
Q3136446	Madame Sans-Gêne	Madam Free-and-Easy|Madame Sans-Gene|Madame Sans-Gêne
Q3147906	Idoménée	Idomenee|Idoménée
Q3149746	In the Penal Colony	En la colonia penal|In the Penal Colony|V kárném táboře
Q3154075	Iolanthe	Iolanthe|Sullivan, Arthur, 1842-1900. Iolanthe, or, The peer and the peri|Sullivan, Arthur, 1842-1900. Peer and the peri|Sullivan, Arthur, 1842-1900. Prince and the peri
Q3154451	Irische Legende	Irische Legende|Légende irlandaise
Q3155732	Issé	Isse|Issé
Q3184458	Joseph	Jakob und seine Söhne|Joseph|Joseph en Egypte|Joseph en Égypte|Joseph et ses frères|Joseph in Egypten|Joseph und seine Brüder
Q3185464	La reine de Chypre	La Reine de Chypre|La reine de Chypre
Q3193478	Karl V.	Karl V|Karl V.
Q3201966	L'ancêtre	Die Ahnfrau|Die Ahnin|L'Ancêtre|L'ancêtre
Q3202810	L'ebreo	L'Ebreo|L'ebreo
Q3203354	L'Europe galante	L'Europe Galante|L'Europe galante|L'europe galante
Q3204721	The Shagreen Bone	Der Chagrinknochen|L'Os de chagrin|L'Os de chagrin (Khanon)|The Shagreen Bone
Q3208503	La Esmeralda	La Esmeralda
Q3208882	La fille de Madame Angot	Córka pani Angot|Fille de Madame Angot|Fille de Mme Angot|Fille de madame Angot|La Fille De Madame Angot|La Fille de Madame Angot|La Fille de Mme Angot|La Fille de madame Angot|La figlia di Madame Angot|La fille de Madame Angot|La fille de Mme Angot|La fille de madame angot|La hija de la señora Angot|Mrs. Angot's Daughter
Q3208918	La fille du tambour-major	La Fille Du Tambour-Major|La Fille du Tambour-major|La Fille du tambour-major|La fille du Tambour-Major|La fille du tambour-major
Q3209742	La guirlande	La Guirlande|La guirlande
Q3209945	Leda, the Swiss Milkmaid	Das schweizer Milchmädchen|La Laitiere suisse|La Laitière Suisse|La Laitière suisse|La laitière suisse|Leda, the Swiss Milkmaid|Lida ou la Laitière suisse|Lydia, ou la Laitière suisse|Lydia, the Swiss Milkmaid|Natalie, oder Das schweizer Milchmädche|Natalie, oder Das schweizer Milchmädchen|Švýcarská mlékařka
Q3210615	La mascotte	Bettina|La Mascotte|La mascotte
Q3210943	La mère coupable	La Mère coupable|La madre culpable|La mere coupable|La mère coupable
Q3211029	La naissance d'Osiris	La Naissance d'Osiris|La naissance d'Osiris
Q3211042	La naissance de la lyre	El nacimiento de la lira|La Naissance de la Lyre|La Naissance de la lyre|La naissance de la lyre
Q3211103	La nonne sanglante	Die blutige Nonne|La Nonne sanglante|La nonne sanglante|The Bloody Nun
Q3211940	The Princess of Trébizonde	Księżniczka Trebizondy|La Princesse de Trébizonde|La princesse de Trébizonde|The Princess of Trébizonde
Q3211944	La princesse de Navarre	La Princesa de Navarra|La Princesse De Navarre|La Princesse de Navarre|La princesse de Navarre|La princesse de navarre
Q3214013	La boulangère a des écus	La Boulangere a des ecus|La Boulangère a des écus|La boulangere a des ecus|La boulangère a des écus|Pekařka má tolary
Q3214066	La finta pazza	La finta pazza
Q3214229	La verbena de la Paloma	La Verbena de la Paloma|La verbena de la Paloma|La verbena de la paloma
Q3220760	Le calife de Bagdad	Der Calif von Bagdad|El califa de Bagdad|Il califfo di Bagdad|Le Calife de Bagdad|Le Caliphe de Bagdad|Le calife de Bagdad|The Caliph of Bagdad
Q3221195	Le cheval de bronze	Le Cheval de bronze|Le cheval de bronze
Q3221327	Die Brautwahl	Die Brautwahl|Il sorteggio della sposa|Le Choix d'une fiancée|Le Choix d’une fiancée|Le choix d’une fiancée|The Marital Lottery
Q3223877	Le lac des fées	Le Lac des fees|Le Lac des fées|Le lac des fees|Le lac des fées
Q3224353	Cinderella	Cendrillon|Cinderella|Rodgers and Hammerstein's Cinderella
Q3226048	Le pré aux clercs	Le Pré aux clercs|Le pre aux clercs|Le pré aux clercs
Q3226515	Le roi Carotte	König Karotte|Le Roi Carotte|Le roi Carotte
Q3227543	Le temple de la Gloire	Der Ruhmestempel|Le Temple De La Gloire|Le Temple de la Gloire|Le temple de la Gloire|Le temple de la gloire
Q3228259	Le voyage dans la lune	A Trip to the Moon|Le Voyage dans la Lune|Le voyage dans la lune|Trip to the Moon|Voyage dans la lune
Q3230474	Les amants magnifiques	Die Fürsten als Brautwerber|Die großartigen Liebhaber|Gli amanti magnifici|Le divertissement royal|Les Amants Magnifiques|Les Amants magnifiques|Les amants magnifiques|Skvělí milenci
Q3230951	Les barbares	Barbari|Barbarians|Les Barbares|Les barbares
Q3232871	Les fêtes d'Hébé	Les Fetes d'Hebe|Les Fêtes d'Hébé|Les fêtes d'Hébé
Q3234002	Les mousquetaires au couvent	Les Mousquetaires au couvent|Les mousquetaires au couvent
Q3234424	Les Paladins	Les Paladins|Les Paladins (Rameau)|Paladyni
Q3268790	Orontea	L’Orontea|Orontea
Q3271763	Dirty Rotten Scoundrels	Dirty Rotten Scoundrels
Q3275256	Madame Chrysanthème	Madame Chrysantheme|Madame Chrysanthème
Q3275476	Maddalena	Maddalena
Q3277671	Pacific Overtures	Pacific Overtures
Q3288706	La tabernera del puerto	La tabernera del puerto
Q3290124	The Perfect Fool	The Perfect Fool
Q3293743	Maritana	Maritana
Q3294489	Pomone	Pomona|Pomone
Q3296481	María del Carmen	Maria del Carmen|María del Carmen
Q3304328	Mrika	Mrika
Q3312234	Armida	Armida|Armida op. 115
Q3317708	Moby-Dick	Moby-Dick
Q3332020	Mârouf, savetier du Caire	Marouf, savetier du Caire|Mârouf|Mârouf, savetier du Caire|Mârouf, zapatero de El Cairo|Mârouf, zapatero del Cairo
Q3332924	Mélidore et Phrosine	Melidore et Phrosine|Mélidore et Phrosine
Q3339029	New Year	Año Nuevo (ópera)|New Year|New Year (opera)|New Year (ópera)
Q3354589	lost operas by Claudio Monteverdi	Claudio Monteverdi's lost operas|Monteverdi's lost operas|Opéras perdus de Monteverdi|Opéras perdus de Monteverdu|lost operas by Claudio Monteverdi|Óperas perdidas de Claudio Monteverdi
Q3355893	Oresteia	Oresteia|Oresteia (Taneiev)|Oresteya|Oresteïa|Orestie|Orestíada (ópera)|Орестея
Q3360369	Padmâvatî	Padmavati|Padmâvatî
Q3363446	Drot og marsk	Drot og marsk
Q3376129	Persée	Persee|Perseus|Persée|Persée (Lully)
Q3376796	Peter Pan	Peter Pan|Peter Pan (musical de 1954)
Q3401137	The Beginning of a Romance	Anfang eines Romans|Der Anfang eines Romans|Počátek románu|The Beginning of a Romance
Q3410202	Psyché	LWV 45|Psiche|Psiché|Psyche|Psyché|Tragédie-ballet
Q3435285	Sunday in the Park with George	Sunday in the Park with George
Q3439921	Roland	Roland
Q3440558	Roma	Roma|Roma (ópera)
Q3449169	The Marriage Market	Leányvásár|Targ na dziewczęta|The Marriage Market
Q3453685	Ruy Blas	Ruy Blas|Ruy Blas (Marchetti)
Q3459747	Once	Once
Q3467684	Le nozze di Teti e di Peleo	Le nozze di Teti e di Peleo|Le nozze di teti e peleo
Q3467706	Ormindo	El Ormindo|L'Ormindo|Ormindo
Q3469612	Salammbô	Salammbo|Salammbô
Q3474583	Savitri	Savitri
Q3478440	Semiramide riconosciuta	Semiramide|Semiramide riconosciuta|Semíramis reconocida
Q3483734	Sigurd	Sigurd|Sigurd (ópera)
Q3486930	Šárka	Šárka
Q3489036	Viola	Viola
Q3495415	Sub olea pacis et palma virtutis	Sub olea pacis et palma virtutis|Sub olea pacis et palma virtutis conspicua Orbi regia Bohemia corona
Q3496414	The Bride of Messina	Messinská nevěsta|Nevěsta messinská|The Bride of Messina
Q3496796	Sugar	Sugar|Sugar!
Q3499250	Alfred	Alfred
Q3514991	Tancrède	Tancrede|Tancredo (Campra)|Tancrède|Tancrède (Campra)
Q3519899	The Bear	El oso (Walton)|The Bear|The Bear (ópera)
Q3520166	The Burning Fiery Furnace	El horno de las fieras|The Burning Fiery Furnace
Q3520831	The Fall of the House of Usher	La caída de la casa Usher (Glass)|Pád domu Usherů|The Fall of the House of Usher
Q3520923	The Flood	Die Sintflut|Le Déluge|The Flood
Q3521355	The Ice Break	El rompehielos|The Ice Break
Q3521380	The Indian Queen	La regina indiana|La reina india|The Indian Queen
Q3521453	The Juniper Tree	The Juniper Tree|The Juniper Tree (ópera)
Q3521497	The Knot Garden	The Knot Garden
Q3521580	The Lighthouse	Der Leuchtturm|The Lighthouse
Q3521869	The Midsummer Marriage	The Midsummer Marriage
Q3522225	The Photographer	El Fotógrafo|The Photographer
Q3522335	The Prodigal Son	El hijo pródigo (Britten)|El hijo pródigo (ópera)|The Prodigal Son|The Prodigal Son (Britten)|The Prodigal Son (opera)
Q3539889	Troilus and Cressida	Troilo y Crésida (ópera)|Troilus and Cressida
Q3539942	Three Sisters	Drei Schwestern|Three Sisters|Three sisters|Tri Sestri|Tri Sestry|Trois Sœurs
Q3556194	Vert-Vert	Vert-Vert
Q3560379	Violanta	Violanta
Q3563311	Krútňava	Krutniawa|Krútňava|The Whirlpool
Q3564266	Véronique	Veronique|Véronique|Véronique (opereta)
Q3570936	Xerse	Il Xerse|Xerse|Xerxes
Q3574742	Zanaida	Zanaida|Zanais|Zanaïda
Q3574987	Zaïs	Zais|Zaïs
Q3576117	Zoroastre	Zoroaster|Zoroastre
Q3577487	Echo et Narcisse	Echo & Narcisse|Echo et Narcisse|Echo et narcisse|Écho & narcisse|Écho et Narcisse|Écho et narcisse
Q3588826	Émilie	Émilie
Q3592267	Étienne Marcel	Etienne Marcel|Étienne Marcel|Étienne Marcel (ópera)
Q3597401	13	13|13 (musical)|Thirteen
Q3614379	Amleto	Amleto
Q3617502	Animal Crackers	Animal Crackers
Q3623753	Arrighetto	Arrighetto
Q3625355	Asrael	Asrael
Q3625401	Assassinio nella cattedrale	Asesinato en la catedral (ópera)|Assassinio nella cattedrale|Murder in the Cathedral
Q3637565	Belfagor	Belfagor
Q3662242	Le val d'Andorre	Le Val d'Andorre|Le val d'Andorre|Le val d’Andorre
Q3686215	Conchita	Conchita
Q3686454	Condor	Condor
Q3697337	Crispino e la comare	Crispino e la comare
Q3697690	Cristoforo Colombo	Cristoforo Colombo
Q3705783	Der Roland von Berlin	Der Roland von Berlin|Il Rolando di Berlino
Q3707033	Didone abbandonata	Dido abandonada|Didone abbandonata
Q3707035	Didone abbandonata	Dido abandonada|Didone abbandonata
Q3713531	Don Giovanni Tenorio	Don Giovanni Tenorio|Don Giovanni o sia Il convitato di pietra|Don Giovanni o sia il convitato di pietra|Don Giovanni ossia Il Convitato di Pietra|Don Giovanni ossia Il convitato di pietra
Q3719404	Edmea	Edmea
Q3721520	Elena da Feltre	Elena da Feltre
Q3755509	Fürstin Ninetta	Furstin Ninetta|Fürstin Ninetta
Q3769463	Giulietta e Romeo	Giulietta e Romeo
Q3769464	Giulietta e Romeo	Giulietta e Romeo|Giulietta e Romeo (Nicola Vaccai)|Julieta y Romeo
Q3769465	Giulietta e Romeo	Giulietta e Romeo|Giulietta e Romeo (Zingarelli)|Julieta y Romeo (Zingarelli)
Q3772420	Gloria	Gloria
Q3773235	Der Kaiser von Atlantis	Císař Atlantidy|Císař Atlantidy – Smrt abdikuje|Císař z Atlantidy aneb Odepření smrti|Der Kaiser von Atlantis|Der Kaiser von Atlantis oder Die Tod-Verweigerung|Der Kaiser von Atlantis oder die Tod-Verweigerung|Der Tod dankt ab|El emperador de la Atlantida|El emperador de la Atlántida|L'Empereur d'Atlantis|Spiel in einem Akt
Q3774986	A noite do castelo	A noite do castelo
Q3775997	Achille et Polyxène	Achille et Polixene|Achille et Polixène|Achille et Polyxene|Achille et Polyxène|Achilles a Polyxena
Q3780461	Il filosofo di campagna	Il filosofo di campagna|La serva accorta|La serva astuta|The Country Philosopher
Q3780725	Atlàntida	Atlantida|Atlàntida|Atlántida
Q3781653	Una cosa rara	Bellezza ed Onestà|Un cosa rara|Una cosa rara
Q3790613	I cavalieri di Ekebù	I cavalieri di Ekebu|I cavalieri di Ekebù
Q3791201	I quatro rusteghi	Die vier Grobiane|I quatro rusteghi|I quattro rusteghi|Los cuatro rusticos|Los cuatro rústicos
Q3792586	Il campiello	Il Campiello|Il campiello
Q3793114	Il birraio di Preston	Il birraio di Preston
Q3793158	Il bravo, ossia La veneziana	Il bravo|Il bravo, ossia La veneziana|La veneziana|The Assassin, or The Venetian Girl
Q3795372	Il proscritto	Il proscritto
Q3795601	Il ritorno di Don Calandrino	Il ritorno di Don Calandrino
Q3801573	Iphigénie en Tauride	Ifigenia en Táuride (Piccinni)|Ifigenia in Tauride (Piccinni)|Iphigenie en Tauride|Iphigénie en Tauride
Q3805499	Jabuka	Jabuka
Q3810521	Paride ed Elena	Paride ed Elena|Paris y Elena|Pâris et Hélène
Q3815652	Kismet	Kismet
Q3818490	L'amore medico	Doctor Cupid|El amor medico|El amor médico|L'amore medico|L’amore medico|The Love Doctor
Q3818584	L'ange de Nisida	L'Ange de Nisida|L'ange de Nisida
Q3820061	Virginia	Virginia
Q3820083	La vestale	La Vestale|La vestale
Q3820804	Dafne	Dafne|La Dafne
Q3821169	La Senna festeggiante	La Sena festeggiante|La Senna festeggiante|RV 693
Q3821261	City of Angels	City of Angels
Q3821722	La cena delle beffe	La cena delle beffe
Q3822207	Die Herzogin von Chicago	Die Herzogin von Chicago|La duchessa di Chicago|La duquesa de Chicago
Q3822368	La figlia di Iorio	La figlia di Iorio|La figlia di Jorio
Q3823046	Argippo	Argippo|Fedeltà coronata|La fedeltà coronata|RV 697
Q3823610	Le pescatrici	Die Fischerinnen|Le pescatrici
Q3824245	Gli amori d'Apollo e di Dafne	Gli amori d'Apollo e Dafne|Gli amori d'Apollo e di Dafne
Q3824772	La vedova scaltra	Die schalkhafte Witwe|La vedova scaltra|La viuda astuta
Q3831513	Li zite 'ngalera	Die Verlobten auf der Galeere|I fidanzati nella galera|Li zite 'ngalera|Li zite ’ngalera|Los amantes en galeras|The lovers on the galley
Q3843726	Mala Pasqua!	Mala Pasqua!
Q3843734	Mala vita	Mala vida (ópera)|Mala vita
Q3850991	Manru	Manru
Q3874826	Nerone	Nero|Nerone|Nerone (Boito)|Nerón (Boito)
Q3884892	Orazi e Curiazi	Horatier und Curiatier|Orazi e Curiazi|Orazj e Curiazj
Q3888701	La liberazione di Ruggiero dall'isola d'Alcina	La liberazione di Ruggiero|La liberazione di Ruggiero dall'isola d'Alcina|Ruggierovo vysvobození z Alcinina ostrova
Q3891962	Catch Me If You Can	Catch Me If You Can
Q3897647	Patience	Bunthorne's Bride|La Promise de Bunthorne|La sposa di Bunthorne|Patience|Patience oder Bunthornes Braut
Q3898866	Pelagio	Pelagio|Pelagio (opera)
Q3925583	Punch and Judy	Punch and Judy|Punch y Judy (ópera)
Q3926120	Pépito	Děvče z Elizonda|Pepito|Pépito
Q3932846	Renaud	Renaud
Q3939708	Rock Musical Bleach	Rock Musical Bleach
Q3941553	Rosmira	RV 731|Rosmira|Rosmira fedele
Q3942366	Rugantino	Rugantino
Q3945218	Sakùntala	La leggenda di Sakùntala|Sakuntala|Sakùntala
Q3955083	Semiramide	RV 733|Semiramide
Q3958039	Servilia	Servilia
Q3974804	Didone	Didone|La Didone
Q3982867	Telemaco	Il Telemaco, o sia L'isola di Circe|Telemaco|Telémaco
Q3986042	The Bohemian Girl	Die Zigeunerin|La ragazza di Boemia|La zingara|The Bohemian Girl
Q3986337	The Cocoanuts	The Cocoanuts
Q3987314	The Gondoliers	Gondolieri|The Gondoliers
Q3987345	The Grand Duke	The Grand Duke
Q3989123	The Saint of Bleecker Street	La santa di Bleecker Street|Svatá z Bleecker Street|The Saint of Bleecker Street|The saint of Bleecker Street
Q3989381	The Sorcerer	The Sorcerer
Q3990062	The Wizard of Oz	El mago de Oz (musical de 2011)|Le Magicien d'Oz|The Wizard of Oz
Q3990159	The Girl in Pink Tights	The Girl in Pink Tights|The girl in Pink Tights|The girl in pink tights
Q4006782	Utopia, Limited	Utopia, Limited
Q4027516	Zorro	ZORRO THE MUSICAL|Zorro|Zorro (musical)|Zorro: The Musical
Q4070994	Arshak II	Arsace Secondo|Arschak II.|Arshak II|Arshak II.|Aršak Erkrord|Aršak II.
Q4071363	Asli and Kerem	Asli and Kerem
Q4156116	La grand'tante	La Grand'Tante|La grand'tante
Q4175587	Indigo und die vierzig Räuber	Indigo und die 40 Räuber|Indigo und die Vierzig Räuber|Indigo und die vierzig Räuber
Q4186875	Zaporozhets za Dunayem	A Zaporozhian Beyond the Danube|Der Saporoger an der Donau|Le Zaporogue au-delà du Danube|Saporoschez sa Dunajem|Un Zaporogue au-delà du Danube|Zaporozhets za Dunayem|Zaporožec za Dunajem|Zaporožec' za Dunajem|Záporožec za Dunajem|Запорожець за Дунаєм
Q4189403	The Star and Death of Joaquin Murieta	Stern und Tod des Joaquin Murieta|The Star and Death of Joaquin Murieta|Zvezda i smert' Choakina Mur'ety
Q4256044	Leblebici Horhor Ağa	Leblebici Horhor Ağa
Q4289795	The miller who was a wizard, a cheat and a matchmaker	Der Müller als Zauberer, Betrüger und Brautwerber|Der Müller als Zauberer, Betrüger und Ehestifter|Der Müller als Zauberer, Betrüger und Ehevermittler|Der Müller als Zauberer, Betrüger und Heiratsvermittler|Der Müller als Zauberer, Betrüger und Kuppler|Melnik – koldun, obmanschtschik i swat|Müller, Zauberer, Betrüger und Brautwerber|The miller who was a wizard, a cheat and a matchmaker
Q4313109	Nargiz	Nargiz
Q4352826	Il pomo d'oro	Il pomo d'oro|Il pomo d’oro
Q4353383	The Tender Land	Líbezná krajina|The Tender Land
Q4358448	Der Kreidekreis	Circle of Chalk|Der Kreidekreis|Le Cercle de craie
Q4391003	Raphael	Raffaello|Raphael
Q4401101	Rustam and Zohrab	Rustam and Zohrab
Q4450742	Where the Lark Sings	Skowronek (operetka)|Where the Lark Sings|Where the lark sings|Wo die Lerche singt
Q4481121	The Fantasticks	Die Romanticker|The Fantasticks
Q4521131	Shah Abbas and Khurshid Banu	Shah Abbas and Khurshid Banu
Q4522488	Sheikh Sanan (opera)	Sheikh Sanan (opera)
Q4531040	Passion	Passion
Q4534600	Juno and Avos	Giunone e Avos|Juno a Avos|Juno and Avos|Junon et Avos|Junona i Awoś
Q4553152	1776	1776
Q4657243	A Hand of Bridge	A Hand of Bridge|Hand of Bridge|Una mano de bridge
Q4659122	A Quiet Place	A Quiet Place|Ruh’ und Frieden
Q4659869	A Streetcar Named Desire	A Streetcar Named Desire|Endstation Sehnsucht|Un tranvía llamado Deseo (ópera)
Q4660426	A Very Potter Sequel	A Very Potter Sequel
Q4673720	Achille in Sciro	Achille in Sciro|Aquiles en Esciro
Q4677860	Actéon	Actéon
Q4681660	Adelaide	Adelaide
Q4681942	Adelina	Adelina
Q4689683	Erismena	Erismena|L'Erismena|L’Erismena
Q4692200	Les mamelles de Tirésias	Die Brüste des Tiresias|Les Mamelles de Tirésias|Les mamelles de Tiresias|Les mamelles de Tirésias|Los pechos de Tiresias|The Breasts of Tiresias
Q4713396	Alcyone	Alcione|Alcyone
Q4716453	Alessandro nelle Indie	Alejandro en la India|Alessandro nelle Indie|Alessandro nell’Indie
Q4722183	Alfred	Alfred|Alfred (maska)
Q4731413	Allegro	Allegro
Q4733721	Almast	Almast
Q4750726	Anacréon	Anacreon|Anacreon, or Fugitive Love|Anacréon|Anacréon, ou L'amour fugitif
Q4762824	Angelo	Angelo
Q4764443	Aniara	Aniara
Q4770434	Anoush	Anouch|Anoush|Anush|Anuš
Q4777266	Antony and Cleopatra	Antonio e Cleopatra|Antony and Cleopatra|Antony and Cleopatra (ópera)|Antony and Cleopatra, Op. 40
Q4797347	Artaserse	Artajerjes|Artaserse
Q4819365	Aucassin et Nicolette	Aucassin et Nicolette
Q4841471	Bagatelle	Bagatela|Bagatela (Offenbach)|Bagatelle|Bagatelle (ópera)
Q4862013	Barnum	Barnum|Barnum (musical)
Q4886431	La Cleopatra	Cleopatra|La Cleopatra
Q4889213	Merlin	Merlin|Merlín
Q4890037	La colombe	La Colombe|La colombe|La colombe (Oper)
Q4890386	Pepita Jiménez	Pepita Jimenez|Pepita Jiménez
Q4890745	Le cantatrici villane	Le cantatrici villane
Q4891043	Doña Francisquita	Dona Francisquita|Doña Francisquita
Q4906210	Big River	Big River
Q4926686	Blindekuh	Blinde Kuh|Blindekuh
Q4940396	Bomarzo	Bomarzo|Bomarzo (opera)
Q4942267	Bonnie & Clyde	Bonnie & Clyde|Bonnie and Clyde
Q4969148	Briséïs	Briséi͏̈s|Briséï|Briséï, ou Les amants de Corinthe|Briséïs|Briséïs, ou Les amants de Corinthe|Die Braut von Korinthe
Q4992002	You're a Good Man, Charlie Brown	You're a Good Man, Charlie Brown
Q4992431	The Poisoned Kiss	The Poisoned Kiss
Q4993595	Nerone fatto Cesare	Nerone fatto Cesare|RV 724
Q4994690	La rencontre imprévue	El peregrino de La Meca|La Rencontre imprévue|La rencontre imprevue|La rencontre imprévue
Q5046194	Carrie	Carrie|Carrie: The Musical
Q5073226	Chaplin	Chaplin|Chaplin: The Musical|Limelight: The Story of Charlie Chaplin
Q5083098	Charles VI	Charles VI|Karl VI.|Karl der Sechste
Q5085750	Charlie and the Chocolate Factory	Charlie and the Chocolate Factory|Charlie e la fabbrica di cioccolato|Charlie y la fábrica de chocolate
Q5102530	Chitty Chitty Bang Bang	Chitty Chitty Bang Bang
Q5115126	Chu Chin Chow	Chu Chin Chow
Q5116417	Song of Chun Hyang	Chunhyangga|La cancion de Chun-hiang|La canción de Chun-hiang|Song of Chun Hyang|Song of Chunhyang
Q5121075	Cinq-Mars	Cinq-Mars
Q5186322	Cristina, regina di Svezia	Cristina Regina di Svezia|Cristina, regina di Svezia
Q5202485	Céphale et Procris	Cefalo e Procri|Cephale et Procris|Céfalo y Procris|Céphale et Procris|Kefalos a Prokris
Q5208351	Dafne	Dafne|Dafne (opera Heinricha Schütza)
Q5221748	Daphnis et Chloé	Dafnis a Chloé|Daphnis et Chloe|Daphnis et Chloé|Daphnis et Chloé (Offenbach)
Q5226432	Das Nusch-Nuschi	Das Nusch-Nuschi
Q5231268	David Bek	David Bek|David-Bek
Q5231794	Tito Manlio	RV 738|Tito Manlio
Q5236699	Moscow, Cheryomushki	Cheryomushki|Mosca, Čerëmuški|Moscou, Tcheriomouchki|Moscow, Cheryomushki|Moscú, Cheryomushki|Moskau, Tscherjomuschki|Čerëmuški
Q5255929	Demofonte	Demofont|Demofonte|Demofoonte
Q5255930	Demofoonte	Demofoonte
Q5261131	Der Besuch der alten Dame	Der Besuch der alten Dame|Der Besuch der alten Dame (ópera)|La visita de la vieja dama (ópera)|The Visit of the Old Lady
Q5261206	Der Ring des Polykrates	Der Ring des Polykrates|El anillo de Policrates|El anillo de Polícrates
Q5261231	The Trumpeter of Säckingen	Der Trompeter von Säckingen|Der Trompeter von Säkkingen|El trompetista de Säkkingen|The Trumpeter of Säckingen
Q5274377	Die Hochzeit des Camacho	Die Hochzeit des Camacho
Q5274387	Die Kathrin	Die Kathrin
Q5274405	Die Maccabäer	Die Maccabäer|I Maccabei|Les Macchabées
Q5274458	Die Verurteilung des Lukullus	Die Verurteilung des Lukullus|La condenacion de Luculo|La condenación de Lúculo|Le Procès de Lucullus
Q5277544	Dimitrij	Dimitrij|Dymitr|Dymitr op. 64|Dymitr, op. 64
Q5279082	Dioclesian	Dioclesian|The Prophetess|The Prophetess, or The History of Dioclesian
Q5292706	Don Gregorio	Don Gregorio|Don Gregorio (ópera)
Q5306514	Dream on the Volga	Dream on the Volga|Un sogno sul Volga
Q5311149	Dubrovsky	Dubrovskij|Dubrovsky|Dubrovský
Q5348043	Egisto	Egisto|L'Egisto|L’Egisto
Q5349018	Eight Songs for a Mad King	Eight Songs for a Mad King|Osm písní šíleného krále
Q5350925	El Capitan	El Capitan
Q5358957	Elena	Elena
Q5376201	Endlich allein	Endlich allein|Nareszcie sami|¡Al fin, solos!
Q5423296	Ezio	Aecio|Aetius|Ezio
Q5432757	Falsettos	Falsettos
Q5433891	Faniska	Faniska
Q5435036	Farewell My Concubine	Adieu ma concubine|Farewell My Concubine
Q5439533	Feast in Time of Plague	Feast in Time of Plague|Fiesta durante la plaga|Il banchetto durante la peste|Le Festin en temps de peste|Пир во время чумы (opera)
Q5447302	Fiesque	Fiesque
Q5457609	Flashdance the Musical	Flashdance|Flashdance (musical)|Flashdance the Musical|Flashdance – Das Musical
Q5473436	Fosse	Fosse
Q5473825	La vera costanza	La vera costanza
Q5475468	Four Saints in Three Acts	4 Saints in 3 Acts|Cuatro santos en tres actos|Four Saints in Three Acts|Vier Heilige in drei Akten
Q5616076	Guillaume Tell	Guillaume Tell|Guillermo Tell
Q5686544	Haydée, ou Le secret	Haydee|Haydée|Haydée oder Das Geheimnis|Haydée, ou Le Secret|Haydée, ou Le secret|Haydée, ou le Secret
Q5694229	Heathers: The Musical	Heathers|Heathers il musical|Heathers: The Musical
Q5710835	Attilio Regolo	Atilio Régulo|Attilio Regolo
Q5754993	High Button Shoes	High Button Shoes|High Button Shows
Q5758871	Catone in Utica	Catone in Utica|Catón en Útica
Q5790163	Susannah	Susannah
Q5802281	Démophoon	Demofonte|Demophoon|Démophon|Démophoon
Q5818526	Oedipus der Tyrann	Oedipus der Tyrann
Q5825303	El huésped del sevillano	El huesped del sevillano|El huésped del sevillano
Q5853791	L'olimpiade	L'olimpiade|La olimpiada
Q5908935	Ifigenia in Tauride	Ifigenia en Táuride|Ifigenia in Tauride|Iphigenia in Tauris|Iphigénie en Tauride
Q5965996	La capricciosa corretta	La capricciosa coretta|La capricciosa corretta|La scola dei maritati|La scuola dei maritati
Q5967641	L'olimpiade	L'olimpiade|La olimpiada|L’olimpiade
Q5971164	Les Larmes du couteau	Las lagrimas del cuchillo|Las lágrimas del cuchillo|Les Larmes de couteau|Les Larmes du couteau|Slzy nože|Tears of the Knife
Q5972139	Le philtre	El filtro|Le Philtre|Le philtre
Q5996606	Il Pompeo	Il Pompeo|Pompeo
Q5996772	Il prigionier superbo	El prisionero orgulloso|Il prigioner superbo|Il prigionier superbo
Q6096443	Ivan IV	Bizet, Georges, 1838-1875. Ivan le Terrible|Ivan IV
Q6120879	Jone	Ione|Jone|L'ultimo giorno di Pompei
Q6125302	Jakob Lenz	Jakob Lenz
Q6151098	Yūzuru	Júzuru|Twilight Crane|Yuzuru|Yúzuru|Yūzuru
Q6207086	Jocelyn	Jocelyn
Q6224967	Wild Side Story	Wild Side Story
Q6308632	Julien ou La Vie du poète	Julian, czyli życie poety|Julien|Julien ou La Vie du poete|Julien ou La Vie du poète|Julien ou La vie du poète|Julien, ou La Vie du poète
Q6312740	Jungfrun i tornet	Jungfrun i tornet|La Jeune Fille dans la tour
Q6412175	King and Charcoal Burner	King and Charcoal Burner|Král a uhlíř|Król i węglarz|Rey y carbonero
Q6413943	Kinky Boots	Kinky Boots|hříšné botky
Q6431690	The King and I	El rey y yo|Król i ja|Le Roi et moi|The King and I
Q6455592	L'Armida immaginaria	L'Armida immaginaria
Q6455890	L'arbore di Diana	Der Baum der Diana|El arbol de Diana|El árbol de Diana|L'arbore di Diana
Q6455944	L'honestà negli amori	L'honestà negli amori
Q6455974	L'oracolo in Messenia	L'oracolo in Messenia|La Merope|L’oracolo in Messenia|Merope|RV 726
Q6461139	La Basoche	La Basoche
Q6463318	La La Lucille	La La Lucille|La, La, Lucille
Q6465991	La bonne d'enfant	Chůva|La Bonne d'enfant|La bonne d'enfant
Q6466004	La campana sommersa	La campana sommersa
Q6466009	La canterina	Haydn, Joseph, 1732-1809. Songstress|La Canterina|La canterina
Q6466012	La caravane du Caire	La caravana del Cairo|La caravane du Caire
Q6466043	La cifra	La cifra
Q6466096	La descente d'Orphée aux enfers	La Descente d'Orphée aux enfers|La descente d'Orphée aux enfers
Q6466141	La fiamma	La Fiamma|La fiamma
Q6466230	La maison du docteur	La Maison du docteur|La maison du docteur
Q6466237	La marquise de Brinvilliers	La Marquise de Brinvilliers|La marquise de Brinvilliers|Markýza de Brinvilliers
Q6466258	La morte d'Orfeo	Death of Orpheus|La morte d'Orfeo|La muerte de Orfeo|The Death of Orpheus
Q6466285	La nave	La nave|La nave (opera)|The Ship
Q6466318	La permission de dix heures	Dobrodružství po večerce|Dovolenka po večerce|La Permission de dix heures|La permission de dix heures
Q6507076	Le Huron	Le Huron
Q6507112	Le Juif errant	Le Juif errant
Q6507993	Le dilettante d'Avignon	Le Dilettante d'Avignon|Le Dilettante d’Avignon|Le dilettante d'Avignon|Le dilettante d’Avignon
Q6508020	Le flibustier	Il filibustiere|Le Flibustier|Le flibustier
Q6508044	Le jeune sage et le vieux fou	Le Jeune Sage et le Vieux Fou|Le jeune sage et le vieux fou|The Wise Young Man and the Old Fool|comédie mêlée de musique
Q6508047	Le jugement de Midas	Le Jugement de Midas|Le jugement de Midas
Q6508117	Le songe d'une nuit d'été	A Midsummer Night's Dream|Der Sommernachtstraum|Le Songe d'une nuit d'été|Le songe d'une nuit d'été|Songe d'une nuit d'été
Q6508125	Le tableau parlant	Das sprechende Bild|Le Tableau parlant|Le tableau parlant
Q6530120	Les arts florissants	Les Arts Florissants|Les Arts florissants|Les arts florissants
Q6530127	Les Caprices de Marianne	I Capricci di Marianna (opera)|Les Caprices de Marianne|Les caprices de Marianne|Los caprichos de Mariana
Q6530139	Les deux avares	Les Deux avares|Les deux avares
Q6530145	Les dragons de Villars	Das Glöckchen des Eremiten|Les Dragons de Villars|Les dragons de Villars|Poustevníkův zvonek
Q6530156	Les fêtes vénitiennes	Les Festes vénitiennes|Les Fêtes vénitiennes|Les fetes venitiennes|Les fêtes vénitiennes
Q6530174	Les mariages samnites	Les Mariages samnites|Les mariages samnites
Q6530184	Les noces d'Olivette	Les Noces d'Olivette|Les noces d'Olivette|Wesele Oliwetty
Q6530186	Les p'tites Michu	Die kleinen Michu’s|Les P'tites Michu|Les p'tites Michu|Les p’tites Michu
Q6651499	Little Red Riding Hood	Cappuccetto Rosso|Little Red Riding Hood
Q6711602	Lāčplēsis	Lāčplēsis
Q6742528	Fedra	Fedra
Q6750166	Tale of the Pipa	Pipa ji|Tale of the Pipa|The Story of the Lute|琵琶記|琵琶记
Q6761228	Maria Golovin	Maria Golovin|Maria Golovinová
Q6761702	Maria egiziaca	Maria Egiziaca|Maria egiziaca
Q6799145	Maître Péronilla	Frimouskino|La Femme à deux maris|Maitre Peronilla|Maître Péronilla
Q6815790	Memphis	Memphis
Q6820251	Merrily We Roll Along	Merrily We Roll Along
Q6821179	Mesdames de la Halle	Dámy z tržnice|Mesdames de la Halle|Pražské zelenářky
Q6821183	Mese mariano	Mese mariano
Q6882558	Mitridate Eupatore	Il Mitridate Eupatore|Mitridate Eupatore
Q6950358	Mörder, Hoffnung der Frauen	Morderca, nadzieja kobiet|Mörder, Hoffnung der Frauen
Q6968328	Natalka Poltavka	Natalka Poltavka|Natalka Poltavka (ópera)|Natałka Połtawka
Q7019676	Newsies	Newsies
Q7035715	Nikola Šubić Zrinjski	Nikola Šubić Zrinjski|Nikola Šubić Zrinski|Nikola Šubić-Zrinjski
Q7091825	Once Upon a Mattress	C'era una volta una principessa|Once Upon a Mattress|Winnifred – Die wahre Geschichte der Prinzessin auf der Erbse
Q7099831	Orango	Orango|Orango (opera)
Q7103217	Orlando furioso	Orlando furioso|Orlando furioso (1714)|Orlando furioso (Vivaldi)|Orlando furioso (Vivaldi, 1714)|RV 819|RV Anh. 84
Q7103975	Orpheus	Die wunderbare Beständigkeit der Liebe, oder Orpheus|Orasia, verwittwete Königin in Tracien|Orpheus|Orphée|The Wonderful Constancy of Love, or Orpheus
Q7134092	Parade	Parade
Q7192536	Pierre le Grand	Pierre le Grand
Q7197217	Pipe Dream	Pipe Dream|Pipe Dream (Musical)
Q7197704	Piramo e Tisbe	Piramo e Tisbe|Píramo y Tisbe
Q7226316	Polyeucte	Polyeucte|Polyeucte (ópera)
Q7235981	Powder Her Face	Napudruj jí tvář|Powder Her Face
Q7245570	Priscilla, Queen of the Desert	Priscilla|Priscilla, Queen of the Desert|Priscilla, folle du désert, la comédie musicale|Priscilla, la regina del deserto
Q7249714	Prometeo	Prometeo|Prometeo. Tragedia dell'ascolto
Q7261919	Puss in Boots	El gato con botas (Cui)|El gato con botas (ópera)|Il gatto con gli stivali|Puss in Boots
Q7283247	Ragtime	Ragtime
Q7336335	Risorgimento!	Risorgimento!
Q7360143	Roland	Roland
Q7398751	Saffò	Saffo|Saffò
Q7405654	Salomé	Salome|Salomé
Q7406658	Salvatore Giuliano	Salvatore Giuliano
Q7461279	Shah Ismayil	Shah Ismayil
Q7482811	The Power of the Fiend	Des Feindes Macht|Il potere del Male|La Puissance de l'ennemi|Síla přátelství|The Power of the Fiend|Вражья сила
Q7484737	The Cunning Peasant	Chłop - szelma|Chłop – szelma|El campesino astuto|The Cunning Peasant|Šelma sedlák
Q7520934	Simplicius	Simplicius
Q7523531	Singin' in the Rain	Deszczowa piosenka (musical)|Singin' in the Rain
Q7622229	Stratonice	Stratonice
Q7685521	Taras Bulba	Taras Boulba|Taras Bulba|Taras Bulʹba|Taras Bulʼba
Q7719011	The Bodyguard	Bodyguard|El guardaespaldas|The Bodyguard
Q7726834	The Color Purple	Color Purple|Die Farbe Lila|Die Farbe Lila (Musical)|The Color Purple
Q7727778	The Countess	Hrabina|Hrabina (opera)|Hraběnka|The Countess
Q7729805	The Desert Song	Lady Fair|Le Chant du désert|The Desert Song
Q7730106	The Diary of Anne Frank	Das Tagebuch der Anne Frank|Deník Anny Frankové|Dnevnik Anny Frank|El diario de Ana Frank (ópera)|The Diary of Anne Frank|Дневник Анны Франк
Q7731075	The Drowsy Chaperone	The Drowsy Chaperone
Q7736351	The Ghosts of Versailles	I fantasmi di Versailles|Les Fantômes de Versailles|The Ghosts of Versailles
Q7751038	The Merchant Kalashnikov	Il mercante Kalašnikov (opera)|Le Marchand Kalachnikov|The Merchant Kalashnikov
Q7752429	The Mother of Us All	Matka nás všech|The Mother of Us All
Q7757107	The Pilgrim's Progress	The Pilgrim's Progress
Q7765017	The Snow Bogatyr	El héroe de la nieves (Cui)|Il bogatyr di neve|The Snow Bogatyr
Q7766164	The Staffan Stolle Story	Ratataa|Staffan Stolle Story|The Staffan Stolle Story
Q7776289	The Wreckers	Die Strandräuber|Les Naufragers|Les Naufrageurs|Les naufrageurs|Strandpiraten|Strandrecht|Strandräuber|The Wreckers|Vykradači vraků
Q7798178	Thrill Me	Excítame|Thrill Me
Q7801148	Tieteberga	RV 737|Tieteberga
Q7801694	Tigrane	Il Tigrane|Tigrane
Q7810219	Titon et l'Aurore	Titon et l'Aurore|Titon et l’Aurore
Q7816366	Tom Jones	Tom Jones
Q7882067	Un re in ascolto	Un re in ascolto|Un rey escucha
Q7884111	Une demoiselle en loterie	Slečna v loterii|Une demoiselle en loterie
Q7902683	Uthal	Uthal|Uthal (opera)
Q7920996	Verbum nobile	Verbum nobile
Q7961534	Waldmeister	Waldmeister
Q8011656	Octavia	Octavia|Octavia (Oper)|Octavia (ópera)
Q8011747	Euphrosine	Der bekehrte Tyrann|Euphrosine|Euphrosine oder Der bekehrte Tyrann|Euphrosine ou Le tyran corrigé|Euphrosine, or The Tyrant Reformed)|Euphrosine, ou Le Tyran corrigé|Le tyran corrigé
Q8011943	La part du diable	Carlo Broschi|La Part du diable|La part du diable
Q8012080	Les bavards	Bavard et bavarde|Gaduły|Les Bavards|Les bavards
Q8012109	Rogneda	Rogneda|Rogněda|Рогнеда
Q8012158	William Ratcliff	William Ratcliff
Q8012193	La jolie parfumeuse	La Jolie Parfumeuse|La jolie parfumeuse
Q8012209	Madame l'archiduc	Madame l'archiduc
Q8012517	Le Juif Polonais	Le Juif Polonais|Le Juif polonais
Q8012683	Zingari	Zingari
Q8012831	Il re	Il re
Q8012852	Šarlatán	Der Scharlatan|The Charlatane|Šarlatán
Q8012986	Written on Skin	Written on Skin
Q8058139	Young Frankenstein	Young Frankenstein
Q8773631	Le Caïd	El caíd (ópera)|Le Caïd|Les boudjous
Q8773773	El giravolt de maig	El giravolt de maig
Q8962721	Françoise de Rimini	Françoise de Rimini
Q9018197	L'amant jaloux	L'amant jaloux|L'amant jaloux, ou Les fausses apparences
Q9018899	La revoltosa	La Revoltosa|La revoltosa|The Troublemaker
Q9050231	Niobe, regina di Tebe	Niobe, Regina di Tebe|Niobe, regina di Tebe|Níobe, reina de Tebas
Q9274524	Goplana	Goplana
Q10577168	The Tempest	Bouře|Der Sturm|The Tempest
Q10656270	Rock of Ages	Rock of Ages
Q10861061	Das goldene Kreuz	Das goldene Kreuz|The Golden Cross|Zlatý křížek
Q11249428	The Three Musketeers	Les Trois Mousquetaires|The Three Musketeers|Tři mušketýři
Q11341592	The Mandarin's Son	Il figlio del mandarino|The Mandarin's Son
Q11573550	Die Göttin der Vernunft	Bohyně rozumu|Die Göttin der Vernunft|The Goddess of Reason
Q11679825	Anacréon	Anacréon
Q11687958	Die blaue Mazur	Biały mazur (operetka)|Die blaue Mazur
Q11704376	The Best Little Whorehouse in Texas	The Best Little Whorehouse in Texas
Q11794314	Poverty Made Happy	Das in Glück verwandelte Leid|Misery Contented|Nędza uszczęśliwiona|Poverty Made Happy|Štěstí v neštěstí|Šťastná bída
Q11811270	Paria	Paria|Paria (opera)|Pária
Q12111624	When the Fern Blooms	Cvit paporoti|Die Farbe des Farnkrauts|Když kvete kapradí|Koli cvite paporoť|Koly zwite paporot|Květ kapradí|Quand fleurit la fougère|Quando fiorisce la felce|Wenn der Farn blüht|When the Fern Blooms
Q12172895	Judith	Giuditta|Judith|Юдифь
Q12354813	Sakontala	Sacontala|Sakontala|Sakuntala
Q12396206	O arame	O arame
Q12526240	Abai	Abai|Abaí|Abaï
Q12636068	Little Floramye	Little Floramye
Q12810054	In the Heights	In the Heights
Q12837132	Ashiq Qarib	Ashig Garib|Ashiq Qarib
Q12845644	Sevil	Sevil|Sevil Opera
Q13406117	Roberta	Roberta
Q13420014	Anacréon	Anacréon
Q13424058	Hedwig and the Angry Inch	Hedwig and the Angry Inch
Q13424336	Carmen Jones	Carmen Jones
Q13625170	Cabin in the Sky	Cabin in the Sky|Un petit coin aux cieux
Q14475792	Seyfal mulk	Seyfal mulk
Q14954689	Jersey Boys	Jersey Boys
Q15074267	Brokeback Mountain	Brokeback Mountain
Q15476738	L'ultimo giorno di Pompei	L'ultimo giorno di Pompei
Q15505318	Rocky the Musical	Rocky|Rocky (Musical)|Rocky the Musical
Q15617197	Robin Hood	Robin Hood|Robin Hood (Macfarren)
Q15631764	Stephen Ward the Musical	Stephen Ward|Stephen Ward (Musical)|Stephen Ward the Musical
Q15694166	On the Town	On the Town
Q15743033	Girl Crazy	Girl Crazy
Q15839051	Aladdin	Aladdin|Aladdin musical|Aladdin the musical|Aladdín
Q15973467	Barkouf	Barkouf
Q15983712	La Conquista	La Conquista|Montezuma
Q15999750	Charlotte Corday	Charlotte Corday
Q16057951	Abesalom da Eteri	Abesalom da Eteri|Abessalom und Eteri|Absalom and Etery
Q16165327	Ali Baba	Ali Baba|Ali-Baba|Ali-Baba, ou Les quarante voleurs|Alì Babà|Les quarante voleurs
Q16241188	Cinderella	Cinderella|Rodgers + Hammerstein's Cenicienta|Rodgers + Hammerstein's Cinderella
Q16372533	Karabakhname	Karabakhname
Q16386936	Me and Juliet	Me and Juliet
Q16387253	Natasha, Pierre and the Great Comet of 1812	Natasha, Pierre & The Great Comet of 1812|Natasha, Pierre and the Great Comet of 1812
Q16547558	The 25th Annual Putnam County Spelling Bee	25th Annual Putnam County Spelling Bee|The 25th Annual Putnam County Spelling Bee|The Twenty-fifth Annual Putnam County Spelling Bee|Twenty-fifth Annual Putnam County Spelling Bee
Q16563119	Helvellyn	Helvellyn
Q16565020	Il macigno	Driada|Il macigno
Q16596305	Riccardo III	Riccardo III
Q16601642	Ser Marcantonio	Herr Marcantonio|Ser Marcantonio
Q16710889	Pan Kotsky	Pan Kockyj|Pan Kocký|Pan Kotowski|Pan Kotsky
Q16761638	La Clementina	Clementina|La Clementina
Q16932049	Parnasso in Festa	Il Parnasso in festa|Parnasso in Festa|Parnasso in festa
Q16961754	Apothicaire et perruquier	Apothicaire et Perruquier|Apothicaire et perruquier|Lékárník a kadeřník
Q16975010	Fun Home	Fun Home
Q16980534	If/Then	If/Then
Q17004458	Fête Galante	Fête Galante|Fête galante
Q17014801	Back to the Future: The Musical	Back to the Future: The Musical|Zurück in die Zukunft (Musical)
Q17024736	The Rose of Stamboul	Die Rose von Stambul|La rosa de Estambul|La rosa di Stambul|Róża Stambułu|The Rose of Stamboul
Q17071247	Legenda Bałtyku	Baltische Legende|Legenda Bałtyku|Vineta
Q18193573	Moses	Moisei|Mojsej|Mojžíš|Moses|Moysey|Moïse|Moïsseï
Q18344619	La clemenza di Tito	La clemencia de Tito|La clemenza di Tito
Q18352625	Antigono	Antigono
Q18758174	School of Rock	School of Rock
Q18803169	Naïs	Naïs
Q19320959	Hamilton	Hamilton|Hamilton: An American Musical|Hamilton: Ein Amerikanishes Musical;|Hamilton: Un musical estadounidense|Hamilton: Une comédie musicale américaine
Q19816572	Flis	Der Flößer|Flis|Flis (opera)|Vorař
Q19876686	The Big Lightning	Bolshaya molniya|Il grande fulmine|Le Grand Éclair|The Big Lightning
Q19954807	Something Rotten!	Something Rotten!
Q19961225	Groundhog Day	Groundhog Day
Q20669262	Léonore, ou L’amour conjugal	L'amore coniugale|Leonora|Léonore, ou L’amour conjugal|Léonore, ou l’Amour conjugal
Q20711488	Harry Potter and the Cursed Child	Harry Potter a prokleté dítě|Harry Potter and the Cursed Child|Harry Potter e la maledizione dell'erede|Harry Potter et l'enfant maudit|Harry Potter i przeklęte dziecko|Harry Potter y el legado maldito
Q20734462	La magicienne	La Magicienne|La magicienne
Q20899421	Dear Evan Hansen	Dear Evan Hansen
Q21085941	Le Magnifique	Le Magnifique
Q21086206	La serva padrona	La serva padrona
Q21205064	L’olimpiade	L'Olimpiade|La olimpiada|L’olimpiade
Q21369437	Birzhan and Sara	Birjan et Sara|Birschan und Sara|Birzhan and Sara|Birzhan i Sara|Birzhan y Sara
Q21480307	An American in Paris	An American in Paris|Un Américain à Paris
Q21539871	Death Note: The Musical	Death Note: The Musical
Q21817330	The Idiot	Der Idiot|Idiot|L'Idiot|The Idiot
Q21998525	Handel's lost Hamburg operas	George Frideric Handel's lost operas|Handel's lost Hamburg operas|Händel le opere perdute di Amburgo|lost operas by George Frideric Handel|opéras hambourgeois perdus de Haendel
Q22075256	Waitress	Waitress|Waitress (Musical)|Waitress (musical)
Q22678105	Lazarus	Lazarus
Q23092117	The SpongeBob Musical	Das SpongeBob Musical|El Musical de Bob Esponja|SpongeBob SquarePants|SpongeBob SquarePants: The Broadway Musical|The SpongeBob Musical
Q23838574	Come from Away	Come from Away
Q24199422	Anastasia	Anastasia|Anastasia (2016 musical)|Anastasia (2016)
Q24437428	Il Flaminio	Il Flaminio
Q25396091	Les Chevaliers de la Table ronde	Les Chevaliers de la Table ronde|Les chevaliers de la table ronde
Q25840430	The Children of Rosenthal	Les Enfants de Rosenthal|Los Niños de Rosenthal|Rosenthalovy děti|The Children of Rosenthal|The Rosenthal's Children
Q26218315	La Salustia	La Salustia
Q27921847	La conversione e morte di San Guglielmo	La conversione di San Guglielmo duca d'Aquitania|La conversione e morte di San Guglielmo|Li prodigi della divina grazia nella conversione e morte di S. Guglielmo duca d’Aquitania
Q28452845	Hadestown	Hadestown
Q28453248	Mean Girls	Mean Girls|Mean Girls The Musical|Mean Girls on Broadway
Q29831984	Everybody’s Talking About Jamie	Everybody's Talking About Jamie|Everybody’s Talking About Jamie|Todo el Mundo Habla de Jamie
Q29832089	The Lightning Thief: The Percy Jackson Musical	Diebe im Olymp|El ladrón del rayo: el musical|Le Voleur de foudre|The Lightning Thief|The Lightning Thief: The Percy Jackson Musical
Q30597506	Frozen	Die Eiskönigin – Das Musical|Frozen|Kraina lodu|La Reine des neiges
Q30610908	The Band's Visit	La Visite de la fanfare|The Band's Visit
Q30643035	Bat Out of Hell The Musical	Bat Out of Hell|Bat Out of Hell The Musical|Bat Out of Hell: The Musical
Q30887704	Francesca da Rimini	Francesca da Rimini
Q39058145	Momo and the Time Thieves	Momo and the Time Thieves
Q47004984	The Exterminating Angel	Anděl zkázy|The Exterminating Angel
Q48727334	Silvain	Silvain|Sylvain
Q48964872	Pretty Woman: The Musical	Pretty Woman (Musical)|Pretty Woman (musical)|Pretty Woman - The Musical|Pretty Woman: The Musical
Q51846038	Tina	Tina|Tina (musical)|Tina – Das Tina Turner Musical
Q51879470	Moulin Rouge!	Moulin Rouge|Moulin Rouge!|Moulin Rouge! (Musical)|Moulin Rouge! (musical)|Moulin Rouge! The Musical
Q54974537	Lessons in Love and Violence	Lessons in Love and Violence
Q55517556	Night of the Amazons	Nacht der Amazonen|Night of the Amazons|Nuit des Amazones
Q55609384	Der goldene Drache	Der goldene Drache|El Dragón de Oro|Le Dragon d'or|The Golden Dragon
Q55635481	The Prom	Prom|The Prom|The Prom (El Musical)
Q55639292	Beetlejuice	Beetlejuice|Beetlejuice (musical)
Q55640093	Jagged Little Pill	Jagged Little Pill|Jagged Little Pill (comédie musicale)
Q56012593	Der Bäbu	Der Bäbu
Q56354523	Áfram Latibær!	The Icelandic Barney & Friends|Áfram Latibær!
Q60752083	Six: The Musical	Sei: Il Musical|Six|Six (Musical)|Six: El Musical|Six: The Musical
Q61756538	Poet and Peasant	Dichter und Bauer|Poet and Peasant|Poeta e contadino
Q62681146	Das Hollandweibchen	Das Hollandweibchen
Q65073099	Diana	Diana
Q65117582	& Juliet	& Julia|& Juliet
Q65117979	MJ: The Musical	MJ|MJ the Musical|MJ – Das Michael Jackson Musical|MJ: The Musical
Q86664497	Buonanotte Bettina	Buenas noches Bettina|Buonanotte Bettina
Q91248616	The Flower Girl	The Flower Girl
Q105483021	La Montagne noire	La Montagne noire|La Montagne-Noire|La montagne noire|Černá Hora
Q110702909	Innocence	Innocence|Innocence (opera)
Q111434927	Fausto	Faust|Fausto
Q112610353	Maybe Happy Ending	Maybe Happy Ending|What I Learned from People
Q115751946	The Hours	Hodiny|The Hours
Q121614791	Mahathir, the Musical	Mahathir, the Musical
Q131824255	Creonte	Creonte
Q133895869	Gambämark	Gambämark
